project_code,mounting_zone,environment_rating,wire_count,connector_count,splice_count,branch_points,avg_wire_length_m,total_wire_length_m,dominant_awg,awg_mix_entropy,insulation,shield_type,bundle_protection,connector_series,voltage_level,continuity_test,insulation_resistance_test,hipot_test,harness_weight_kg,current_max_amp,complexity_score,estimated_build_time_hr,estimated_material_cost_usd,defect_risk_prob,likely_defect
P1189,Cabin,Normal,156,36,6,8,1.36,212.14,14,0.789,PTFE,Foil,Lacing Cord,MIL-DTL-83723,28VDC,TRUE,FALSE,FALSE,7.541,20,7.65,27.71,1435.63,0.296,0
P4843,Avionics Bay,Vibration-Prone,102,24,3,5,1.009,102.88,22,0.456,XL-ETFE,None,Braided Sleeving,MIL-DTL-38999,230VAC 50Hz,TRUE,TRUE,FALSE,1.122,3,6.78,18.57,1029.48,0.362,0
P6450,Cargo Bay,Normal,72,13,0,4,1.651,118.86,20,0.35,PTFE,None,Lacing Cord,MIL-DTL-38999,28VDC,TRUE,TRUE,FALSE,1.614,5,5.44,12.25,630.74,0.226,0
P8554,Cockpit,Moisture-Prone,66,10,5,3,1.735,114.52,18,0.995,PTFE,Braid,Lacing Cord,MIL-DTL-83723,28VDC,TRUE,TRUE,FALSE,2.379,8,6.89,18.49,464.33,0.269,0
P3961,Avionics Bay,Normal,84,20,0,4,2.137,179.53,22,0.453,XL-ETFE,Foil,Braided Sleeving,MIL-DTL-26482,28VDC,TRUE,TRUE,FALSE,2.054,3,6.4,16.77,632.92,0.227,0
P4863,Cabin,Normal,54,11,3,0,1.767,95.44,20,0.454,XL-ETFE,Foil,Lacing Cord,MIL-DTL-26482,28VDC,TRUE,TRUE,FALSE,1.39,5,5.89,12.65,331.46,0.238,0
P7002,Cargo Bay,High Temp,136,32,3,5,1.435,195.15,12,0.719,XL-ETFE,Foil,Lacing Cord,Micro-D,28VDC,TRUE,FALSE,FALSE,8.555,21.25,7.67,26.05,1099.42,0.296,0
P7966,Wing Root,Moisture-Prone,40,13,0,0,2.313,92.5,12,0.465,Polyimide,Foil,Lacing Cord,MIL-DTL-38999,28VDC,TRUE,FALSE,FALSE,3.857,25,6.03,14.53,713.88,0.266,0
P8004,Cargo Bay,High Temp,59,12,1,2,1.38,81.44,20,0.819,PTFE,None,Spiral Wrap,Micro-D,28VDC,TRUE,TRUE,FALSE,1.213,4.25,5.74,14.13,403.78,0.209,0
P1417,Cargo Bay,High Temp,95,21,3,4,1.62,153.93,18,0.699,PTFE,Braid,Heat Shrink,MIL-DTL-38999,28VDC,TRUE,TRUE,FALSE,3.025,6.8,7.45,20.8,1021.16,0.257,0
P3914,Cockpit,Normal,10,4,0,0,1.435,14.35,26,0.797,PTFE,Foil,Braided Sleeving,MIL-DTL-38999,28VDC,TRUE,TRUE,FALSE,0.104,1.2,4.24,5.67,191.83,0.172,0
P2062,Avionics Bay,Moisture-Prone,89,24,5,7,1.622,144.38,18,0.612,XL-ETFE,Foil,Heat Shrink,MIL-DTL-38999,28VDC,TRUE,TRUE,FALSE,2.79,8,7.4,23.79,1188.49,0.257,1
P7819,Avionics Bay,Normal,56,7,1,0,2.291,128.3,16,0.301,XL-ETFE,None,Spiral Wrap,MIL-DTL-83723,115VAC 400Hz,TRUE,FALSE,TRUE,2.957,13,4.86,11.87,380.95,0.187,0
P7881,Avionics Bay,High Temp,53,20,2,2,1.946,103.16,18,0.579,PTFE,Braid,Heat Shrink,MIL-DTL-83723,230VAC 50Hz,TRUE,TRUE,TRUE,1.981,6.8,6.92,18.26,749.5,0.241,1
P2906,Engine Nacelle,Normal,46,10,3,3,2.422,111.41,16,0.536,XL-ETFE,None,Lacing Cord,MIL-DTL-38999,28VDC,TRUE,TRUE,FALSE,2.693,13,5.34,13.48,512.16,0.224,0
P8240,Cockpit,High Temp,43,10,2,2,1.92,82.55,16,0.614,PTFE,Foil,Heat Shrink,MIL-DTL-38999,28VDC,TRUE,TRUE,FALSE,2.128,11.05,6.26,16.56,534.82,0.223,1
P4345,Engine Nacelle,Normal,88,16,4,3,0.976,85.87,18,0.641,PTFE,Foil,Braided Sleeving,MIL-DTL-83723,115VAC 400Hz,TRUE,TRUE,TRUE,1.669,8,6.65,21.37,648.51,0.235,0
P1009,Avionics Bay,Moisture-Prone,110,22,6,4,1.812,199.31,20,0.888,XL-ETFE,None,Spiral Wrap,Micro-D,270VDC,TRUE,TRUE,TRUE,3.007,5,6.74,21.16,762.64,0.237,0
P5033,Engine Nacelle,Normal,23,10,2,0,2.282,52.49,20,0.594,PVC,Braid,Heat Shrink,Micro-D,28VDC,TRUE,TRUE,FALSE,0.786,5,5.53,13.01,349.87,0.224,1
P7028,Cargo Bay,Normal,81,32,1,9,2.166,175.42,10,0.505,PTFE,Braid,Heat Shrink,MIL-DTL-26482,230VAC 50Hz,TRUE,FALSE,TRUE,10.141,30,7.13,19.86,979.43,0.248,0
P8783,Cockpit,Normal,99,27,6,8,1.348,133.46,12,0.563,XL-ETFE,Foil+Braid,Spiral Wrap,MIL-DTL-38999,28VDC,TRUE,TRUE,FALSE,5.676,25,7.7,24.25,1307.08,0.266,0
P7514,Wing Root,Normal,56,19,3,4,1.516,84.9,24,0.41,PVC,Foil,Braided Sleeving,D-Sub,115VAC 400Hz,TRUE,TRUE,FALSE,0.744,2,6.47,18.48,244.22,0.251,1
P6475,Avionics Bay,High Temp,110,31,4,6,2.266,249.28,16,0.803,Polyimide,Foil,Braided Sleeving,MIL-DTL-83723,28VDC,TRUE,TRUE,FALSE,6.662,11.05,7.85,23.01,1339.35,0.294,1
P9238,Cockpit,Normal,104,25,5,5,2.052,213.37,24,0.584,XL-ETFE,Braid,Lacing Cord,MIL-DTL-26482,28VDC,TRUE,TRUE,FALSE,1.936,2,7.32,22.46,718.97,0.284,0
P9230,Cockpit,Normal,116,31,0,7,1.513,175.48,20,0.799,PVC,None,Lacing Cord,MIL-DTL-83723,270VDC,TRUE,TRUE,TRUE,2.604,5,6.22,19.05,1175.02,0.273,1
P5361,Cargo Bay,High Temp,67,13,0,2,1.198,80.29,12,0.446,XL-ETFE,Foil+Braid,Braided Sleeving,MIL-DTL-83723,115VAC 400Hz,TRUE,TRUE,FALSE,3.336,21.25,6.83,17.94,582.13,0.239,0
P8312,Engine Nacelle,Normal,86,28,6,1,1.355,116.52,24,0.522,PVC,Foil+Braid,Heat Shrink,MIL-DTL-26482,115VAC 400Hz,TRUE,TRUE,TRUE,1.045,2,7.31,19.85,706.97,0.276,0
P9228,Wing Root,Vibration-Prone,81,23,3,6,1.818,147.25,24,1,PTFE,Foil,Heat Shrink,MIL-DTL-38999,28VDC,TRUE,TRUE,FALSE,1.446,2,7.35,18,1106.35,0.382,1
P8813,Engine Nacelle,Normal,100,25,6,4,1.934,193.36,22,0.501,XL-ETFE,None,Heat Shrink,D-Sub,28VDC,TRUE,TRUE,FALSE,2.127,3,6.41,17.05,407.77,0.227,0
P2980,Cockpit,High Temp,108,26,5,4,1.708,184.45,22,0.554,PTFE,Foil+Braid,Heat Shrink,MIL-DTL-26482,28VDC,TRUE,TRUE,FALSE,2.153,2.55,7.96,23.82,779.51,0.273,0
P2875,Cabin,Normal,93,16,5,2,1.719,159.83,14,0.592,PTFE,Braid,Braided Sleeving,D-Sub,115VAC 400Hz,TRUE,TRUE,TRUE,5.469,20,6.9,21.29,392.54,0.242,1
P4117,Cabin,High Temp,95,23,2,8,1.492,141.77,12,0.583,XL-ETFE,None,Braided Sleeving,MIL-DTL-26482,230VAC 50Hz,TRUE,TRUE,TRUE,5.765,21.25,6.66,19.48,703.78,0.235,1
P4638,Wing Root,Normal,98,24,9,7,1.227,120.22,26,0.751,PVC,Braid,Lacing Cord,MIL-DTL-26482,28VDC,TRUE,TRUE,FALSE,0.862,1.2,7.5,23.32,628.31,0.315,0
P2646,Cockpit,High Temp,88,15,1,2,2.287,201.23,18,0.908,XL-ETFE,None,Heat Shrink,MIL-DTL-83723,28VDC,TRUE,TRUE,FALSE,3.917,6.8,6.06,14.05,697.81,0.217,0
P7059,Engine Nacelle,High Temp,112,25,0,8,1.624,181.85,20,0.825,XL-ETFE,None,Braided Sleeving,MIL-DTL-83723,115VAC 400Hz,TRUE,TRUE,TRUE,2.711,4.25,6.55,19.89,1021.6,0.232,0
P9212,Wing Root,Vibration-Prone,83,19,1,4,0.923,76.59,18,0.58,XL-ETFE,Braid,Braided Sleeving,MIL-DTL-38999,115VAC 400Hz,TRUE,TRUE,TRUE,1.471,8,7.24,16.59,832.95,0.377,0
P8052,Cockpit,High Temp,121,30,3,5,1.789,216.44,20,0.628,Polyimide,Foil+Braid,Lacing Cord,MIL-DTL-38999,115VAC 400Hz,TRUE,TRUE,TRUE,3.263,4.25,8.23,23.44,1434.09,0.339,0
P7813,Cargo Bay,Normal,112,26,2,6,2.085,233.55,20,0.628,PTFE,None,Heat Shrink,MIL-DTL-38999,230VAC 50Hz,TRUE,TRUE,TRUE,3.354,5,6.33,17.64,1209.59,0.225,0
P3496,Cargo Bay,Normal,93,30,7,3,1.61,149.77,18,0.106,PTFE,Braid,Heat Shrink,MIL-DTL-83723,115VAC 400Hz,TRUE,TRUE,TRUE,2.608,8,7.34,22.53,1110.04,0.255,1
P3978,Cargo Bay,High Temp,83,19,0,5,1.191,98.82,24,0.66,Polyimide,None,Spiral Wrap,Micro-D,115VAC 400Hz,TRUE,TRUE,TRUE,0.867,1.7,6.37,13.38,558.39,0.246,0
P9734,Avionics Bay,Normal,81,13,0,3,1.068,86.47,16,0.656,PTFE,Braid,Braided Sleeving,MIL-DTL-38999,28VDC,TRUE,TRUE,FALSE,2.247,13,6.35,13.85,643.56,0.224,0
P2638,Wing Root,High Temp,108,30,0,2,1.053,113.75,18,0.555,XL-ETFE,Braid,Heat Shrink,Micro-D,28VDC,TRUE,TRUE,FALSE,2.174,6.8,7.26,19.84,871.29,0.251,0
P8993,Wing Root,Normal,79,15,3,5,2.079,164.21,14,0.568,PTFE,None,Lacing Cord,MIL-DTL-26482,28VDC,TRUE,TRUE,FALSE,5.327,20,5.92,14.54,519.5,0.24,0
P5200,Cockpit,Moisture-Prone,89,19,5,4,1.593,141.75,18,0.862,PTFE,None,Heat Shrink,MIL-DTL-83723,230VAC 50Hz,TRUE,TRUE,FALSE,2.736,8,6.51,17.95,737.77,0.23,0
P4456,Engine Nacelle,Normal,39,7,3,0,1.181,46.07,16,0.707,XL-ETFE,Braid,Heat Shrink,MIL-DTL-38999,28VDC,TRUE,TRUE,FALSE,1.209,13,5.74,14.93,363.42,0.209,1
P5941,Cockpit,Normal,89,30,3,4,1.115,99.24,24,0.827,XL-ETFE,Foil,Braided Sleeving,MIL-DTL-38999,270VDC,TRUE,TRUE,TRUE,0.944,2,6.94,23.27,1264.78,0.244,0
P4537,Wing Root,High Temp,64,16,5,4,1.724,110.31,20,0.94,PTFE,None,Braided Sleeving,MIL-DTL-26482,230VAC 50Hz,TRUE,TRUE,TRUE,1.68,4.25,6.33,17.52,416.66,0.225,0
P4390,Cabin,High Temp,96,25,0,3,1.744,167.47,16,0.484,XL-ETFE,None,Heat Shrink,Micro-D,115VAC 400Hz,TRUE,TRUE,TRUE,4.007,11.05,6.27,17.58,838.61,0.224,0
P4331,Avionics Bay,Moisture-Prone,71,21,2,1,1.218,86.5,22,0.409,PVC,Foil,Braided Sleeving,Micro-D,28VDC,TRUE,TRUE,FALSE,0.981,3,6.71,20.28,644.13,0.259,0
P1610,Cockpit,Normal,58,11,4,1,1.022,59.25,24,0.619,Polyimide,Foil+Braid,Lacing Cord,MIL-DTL-83723,270VDC,TRUE,TRUE,TRUE,0.541,2,6.77,17,427.58,0.289,0
P3274,Cargo Bay,Normal,55,12,0,2,2.108,115.95,16,0.459,XL-ETFE,Braid,Lacing Cord,Micro-D,28VDC,TRUE,TRUE,FALSE,2.898,13,6.04,11.67,467.36,0.242,0
P1282,Cabin,Normal,63,18,3,2,1.52,95.77,20,0.367,XL-ETFE,Foil+Braid,Heat Shrink,MIL-DTL-83723,270VDC,TRUE,TRUE,FALSE,1.37,5,6.84,20.47,696.61,0.24,0
P9438,Wing Root,High Temp,133,35,3,7,1.708,227.22,20,0.661,PTFE,None,Braided Sleeving,Micro-D,28VDC,TRUE,TRUE,FALSE,3.283,4.25,7.1,25.68,1098.83,0.249,1
P4348,Avionics Bay,Normal,63,7,1,2,1.905,120.04,20,0.851,XL-ETFE,Foil+Braid,Braided Sleeving,D-Sub,115VAC 400Hz,TRUE,TRUE,TRUE,1.889,5,6.24,16.59,190.12,0.223,1
P4674,Cabin,Normal,84,20,3,6,1.525,128.1,12,0.411,PTFE,Foil+Braid,Lacing Cord,Micro-D,28VDC,TRUE,FALSE,FALSE,5.285,25,7.25,21.15,722.51,0.281,0
P8230,Cargo Bay,Vibration-Prone,99,22,4,4,1.236,122.34,16,0.618,XL-ETFE,Foil,Lacing Cord,MIL-DTL-26482,28VDC,TRUE,TRUE,FALSE,3.156,13,7.42,23,672.91,0.423,1
P5790,Cabin,Vibration-Prone,82,20,1,3,1.739,142.6,14,0.833,XL-ETFE,Foil+Braid,Heat Shrink,Micro-D,230VAC 50Hz,TRUE,TRUE,TRUE,5.11,20,7.43,15.44,719.29,0.383,0
P7748,Wing Root,High Temp,129,25,5,7,1.502,193.7,20,0.431,PTFE,Foil+Braid,Braided Sleeving,MIL-DTL-26482,28VDC,TRUE,TRUE,FALSE,2.808,4.25,8.16,23.8,748.34,0.279,0
P5318,Cockpit,Normal,111,27,2,4,2.047,227.24,20,0.626,XL-ETFE,Foil,Braided Sleeving,MIL-DTL-26482,115VAC 400Hz,TRUE,TRUE,FALSE,3.425,5,6.93,20.3,807.26,0.242,0
P8835,Cargo Bay,Normal,86,19,5,0,1.254,107.83,24,0.642,PTFE,Foil+Braid,Braided Sleeving,MIL-DTL-83723,28VDC,TRUE,TRUE,FALSE,0.99,2,6.96,19.98,706.74,0.243,1
P8597,Engine Nacelle,Normal,25,7,0,0,1.696,42.4,22,0.781,PVC,None,Spiral Wrap,MIL-DTL-83723,28VDC,TRUE,TRUE,FALSE,0.493,3,4.28,7.08,272.22,0.191,0
P7905,Wing Root,Normal,93,29,7,6,1.362,126.68,12,0.18,PTFE,Foil,Lacing Cord,MIL-DTL-26482,28VDC,TRUE,TRUE,FALSE,4.981,25,7.23,21.43,842.65,0.28,0
P8929,Engine Nacelle,Normal,62,28,0,5,2.022,125.39,26,0.645,XL-ETFE,Braid,Heat Shrink,MIL-DTL-26482,270VDC,TRUE,TRUE,TRUE,0.881,1.2,6.65,17.87,744.11,0.234,0
P7687,Avionics Bay,Vibration-Prone,141,42,0,8,1.293,182.34,18,0.393,PTFE,None,Spiral Wrap,MIL-DTL-26482,28VDC,TRUE,TRUE,FALSE,3.212,8,7.01,21.07,1076.07,0.371,1
P7361,Cargo Bay,High Temp,95,24,4,3,1.178,111.9,14,0.812,PTFE,Braid,Lacing Cord,MIL-DTL-83723,270VDC,TRUE,TRUE,TRUE,3.994,17,7.53,18.69,926.4,0.288,0
P1234,Cockpit,Vibration-Prone,86,18,4,7,1.717,147.64,22,0.563,PTFE,Foil+Braid,Lacing Cord,MIL-DTL-26482,28VDC,TRUE,FALSE,FALSE,1.727,3,7.81,22.65,559.44,0.437,1
P4923,Cockpit,Normal,72,15,4,3,0.735,52.95,18,0.651,XL-ETFE,None,Braided Sleeving,D-Sub,230VAC 50Hz,TRUE,TRUE,FALSE,0.982,8,5.84,17.79,220.39,0.213,0
P6102,Engine Nacelle,Normal,99,17,3,4,1.732,171.47,12,0.724,XL-ETFE,None,Braided Sleeving,MIL-DTL-83723,28VDC,TRUE,FALSE,FALSE,7.166,25,6.06,14.08,807.62,0.217,0
P8557,Cabin,Vibration-Prone,40,4,6,2,1.577,63.08,24,0.825,PTFE,None,Spiral Wrap,MIL-DTL-83723,28VDC,TRUE,TRUE,FALSE,0.571,2,5.49,14.67,187.66,0.317,0
P4667,Cabin,Vibration-Prone,114,33,3,6,2.147,244.73,12,0.647,Polyimide,None,Braided Sleeving,Micro-D,28VDC,TRUE,TRUE,FALSE,10.076,25,7.24,24.38,1141.08,0.41,0
P6520,Wing Root,Normal,130,39,1,5,1.97,256.16,14,0.505,XL-ETFE,Foil+Braid,Heat Shrink,MIL-DTL-83723,115VAC 400Hz,TRUE,TRUE,FALSE,8.616,20,7.59,20.89,1616.95,0.261,0
P1614,Cabin,Normal,10,4,1,0,2.094,20.94,22,0.386,PTFE,None,Heat Shrink,MIL-DTL-83723,28VDC,TRUE,TRUE,FALSE,0.225,3,3.71,9.43,111.74,0.162,0
P7534,Wing Root,Normal,100,26,5,2,0.91,90.97,18,0.464,PTFE,Braid,Lacing Cord,MIL-DTL-83723,270VDC,TRUE,TRUE,FALSE,1.707,8,7.16,20.63,974.35,0.278,0
P4273,Avionics Bay,Vibration-Prone,97,27,0,5,1.988,192.85,14,0.761,PTFE,Foil,Braided Sleeving,D-Sub,230VAC 50Hz,TRUE,TRUE,TRUE,6.818,20,7.16,21.33,550.51,0.377,0
P2661,Avionics Bay,Vibration-Prone,63,18,3,0,1.783,112.34,26,0.935,PTFE,Foil,Lacing Cord,Micro-D,115VAC 400Hz,TRUE,TRUE,TRUE,0.833,1.2,6.71,14.88,565.07,0.393,0
P8032,Engine Nacelle,Normal,74,17,3,0,1.832,135.57,20,0.802,XL-ETFE,Braid,Braided Sleeving,MIL-DTL-38999,28VDC,TRUE,FALSE,FALSE,2.113,5,6.49,14.88,812.99,0.228,1
P6131,Engine Nacelle,Normal,100,24,6,4,1.027,102.74,18,0.719,XL-ETFE,None,Heat Shrink,MIL-DTL-38999,28VDC,TRUE,TRUE,FALSE,1.93,8,6.39,19.41,1111.13,0.227,0
P8644,Wing Root,Normal,79,19,3,3,1.065,84.13,20,0.648,XL-ETFE,Foil,Lacing Cord,MIL-DTL-26482,28VDC,TRUE,TRUE,FALSE,1.273,5,6.61,19.85,535.57,0.261,1
P5744,Engine Nacelle,Normal,39,16,0,3,2.397,93.48,24,0.447,XL-ETFE,Braid,Lacing Cord,MIL-DTL-83723,28VDC,TRUE,TRUE,FALSE,0.825,2,6.04,13.16,611.75,0.243,0
P4278,Engine Nacelle,Normal,42,9,1,3,1.916,80.48,22,0.668,PTFE,None,Lacing Cord,MIL-DTL-38999,28VDC,TRUE,TRUE,FALSE,0.915,3,5.07,7.75,448.55,0.215,0
P9575,Cabin,Normal,97,28,4,3,1.585,153.78,20,0.671,PVC,None,Spiral Wrap,MIL-DTL-38999,28VDC,TRUE,TRUE,FALSE,2.227,5,6.3,21.52,1318.79,0.247,0
P8404,Cabin,Vibration-Prone,108,32,8,7,1.534,165.64,18,0.384,PVC,Foil,Braided Sleeving,MIL-DTL-83723,115VAC 400Hz,TRUE,TRUE,TRUE,3.058,8,7.94,28.4,1234.27,0.437,1
P1922,Cabin,Normal,98,24,4,5,1.866,182.89,22,0.739,XL-ETFE,None,Braided Sleeving,MIL-DTL-38999,28VDC,TRUE,TRUE,FALSE,2.108,3,6.32,20.35,1190.33,0.226,0
P3103,Wing Root,Normal,59,17,3,3,2.58,152.21,18,0.365,XL-ETFE,Foil+Braid,Heat Shrink,Micro-D,28VDC,TRUE,TRUE,FALSE,2.799,8,6.84,17.44,593.85,0.239,1
P2678,Cabin,Normal,108,32,5,6,1.939,209.37,22,0.7,PVC,Foil,Braided Sleeving,MIL-DTL-83723,28VDC,TRUE,TRUE,FALSE,2.515,3,7.28,24.04,1256.41,0.277,0
P7055,Cargo Bay,Normal,55,14,4,2,1.733,95.3,16,0.76,Polyimide,Foil+Braid,Lacing Cord,MIL-DTL-26482,28VDC,TRUE,TRUE,FALSE,2.526,13,6.93,18.39,462.08,0.294,0
P4805,Cargo Bay,Normal,73,12,2,2,1.404,102.46,16,0.543,XL-ETFE,Foil+Braid,Heat Shrink,D-Sub,28VDC,TRUE,TRUE,FALSE,2.604,13,6.66,15.28,275.02,0.233,1
P1649,Cockpit,Normal,105,21,4,8,1.318,138.37,18,0.802,XL-ETFE,None,Heat Shrink,MIL-DTL-83723,270VDC,TRUE,TRUE,TRUE,2.641,8,6.4,17.47,796.82,0.227,0
P3032,Engine Nacelle,High Temp,112,27,5,5,1.638,183.47,16,0.634,XL-ETFE,Foil+Braid,Lacing Cord,Micro-D,28VDC,TRUE,TRUE,FALSE,4.747,11.05,8.05,24.26,965.34,0.307,0
P4129,Engine Nacelle,Normal,51,12,2,1,0.705,35.94,22,0.176,XL-ETFE,Foil,Braided Sleeving,MIL-DTL-26482,270VDC,TRUE,TRUE,TRUE,0.388,3,5.93,13.99,288.02,0.214,1
P7992,Cargo Bay,High Temp,126,27,5,5,1.889,238.04,24,0.509,PVC,Braid,Heat Shrink,MIL-DTL-38999,28VDC,TRUE,TRUE,FALSE,2.128,1.7,7.89,24.09,1284.16,0.296,0
P4303,Engine Nacelle,Vibration-Prone,89,17,5,3,1.897,168.85,18,0.623,XL-ETFE,None,Heat Shrink,MIL-DTL-83723,115VAC 400Hz,TRUE,TRUE,TRUE,3.114,8,6.57,19.93,719.24,0.356,0
P6698,Cabin,Normal,87,19,1,5,1.34,116.61,26,0.531,PTFE,Foil,Heat Shrink,MIL-DTL-38999,115VAC 400Hz,TRUE,TRUE,TRUE,0.801,1.2,6.58,15.84,880.36,0.231,1
P9721,Engine Nacelle,High Temp,101,21,0,5,1.551,156.64,20,0.619,PTFE,None,Spiral Wrap,MIL-DTL-38999,28VDC,TRUE,TRUE,FALSE,2.245,4.25,6.31,18.01,997.83,0.225,1
P7289,Cockpit,High Temp,75,15,3,2,1.672,125.39,12,0.697,XL-ETFE,Braid,Braided Sleeving,Micro-D,230VAC 50Hz,TRUE,TRUE,TRUE,5.475,21.25,7.05,17.31,578.41,0.245,0
P2956,Cabin,Normal,89,20,3,3,0.994,88.48,20,0.664,PTFE,Foil+Braid,Lacing Cord,Micro-D,270VDC,TRUE,FALSE,TRUE,1.343,5,7.15,17.05,656.81,0.276,0
P6054,Cockpit,Normal,88,21,1,5,2.195,193.19,18,0.306,PTFE,Foil+Braid,Lacing Cord,MIL-DTL-83723,28VDC,TRUE,TRUE,FALSE,3.51,8,7.08,18.34,937.73,0.275,0
P3971,Cockpit,Vibration-Prone,108,24,6,7,1.368,147.78,16,0.555,Polyimide,Foil+Braid,Lacing Cord,MIL-DTL-38999,28VDC,TRUE,TRUE,FALSE,3.765,13,8.38,23.49,1111.26,0.489,0
P9378,Cabin,Vibration-Prone,47,17,0,0,1.552,72.94,12,0.603,PTFE,Braid,Heat Shrink,MIL-DTL-38999,28VDC,TRUE,TRUE,FALSE,3.127,25,6.42,15.19,762.16,0.348,1
P1464,Wing Root,Normal,84,17,1,3,2.085,175.16,24,0.35,PTFE,Braid,Braided Sleeving,MIL-DTL-26482,115VAC 400Hz,TRUE,TRUE,TRUE,1.516,2,6.64,18.19,527.2,0.234,0
P5926,Cabin,Normal,91,26,0,3,1.351,122.91,26,0.749,XL-ETFE,None,Lacing Cord,MIL-DTL-38999,28VDC,TRUE,TRUE,FALSE,0.839,1.2,5.84,17.57,1114.26,0.239,0
P4121,Cargo Bay,High Temp,54,11,2,2,1.186,64.07,16,0.602,XL-ETFE,Braid,Braided Sleeving,MIL-DTL-26482,270VDC,TRUE,TRUE,TRUE,1.648,11.05,6.65,20.16,311.84,0.235,0
P9207,Wing Root,Normal,60,11,2,2,0.932,55.94,20,0.632,PTFE,None,Heat Shrink,Micro-D,115VAC 400Hz,TRUE,TRUE,TRUE,0.804,5,5.39,13.51,326.93,0.2,0
P8362,Avionics Bay,Vibration-Prone,49,10,1,1,1.536,75.24,22,0.681,PTFE,None,Heat Shrink,MIL-DTL-38999,28VDC,TRUE,TRUE,FALSE,0.858,3,5.56,13.98,453.32,0.319,1
P2881,Cockpit,Normal,82,11,6,3,1.382,113.3,22,0.426,PVC,None,Heat Shrink,MIL-DTL-26482,115VAC 400Hz,TRUE,TRUE,TRUE,1.228,3,5.87,17.28,330.45,0.234,0
P5427,Cabin,High Temp,86,22,4,0,1.855,159.57,22,0.812,PVC,None,Lacing Cord,MIL-DTL-38999,28VDC,TRUE,TRUE,FALSE,1.865,2.55,6.28,21.21,1006.74,0.276,0
P8774,Wing Root,Moisture-Prone,63,15,0,0,1.574,99.15,14,0.666,XL-ETFE,Foil+Braid,Braided Sleeving,MIL-DTL-38999,28VDC,TRUE,TRUE,FALSE,3.442,20,6.58,18.1,759.87,0.232,0
P8244,Cargo Bay,High Temp,57,13,2,2,1.616,92.13,16,0.751,XL-ETFE,Braid,Heat Shrink,MIL-DTL-38999,270VDC,TRUE,TRUE,TRUE,2.438,11.05,6.76,18.56,649.3,0.237,0
P6540,Cockpit,Moisture-Prone,64,17,2,4,1.681,107.6,18,0.699,XL-ETFE,Braid,Heat Shrink,MIL-DTL-38999,115VAC 400Hz,TRUE,TRUE,TRUE,2.115,8,6.97,16.18,792.36,0.242,1
P9864,Wing Root,High Temp,83,23,1,3,1.551,128.77,14,0.518,XL-ETFE,None,Lacing Cord,MIL-DTL-83723,115VAC 400Hz,TRUE,TRUE,TRUE,4.136,17,6.29,19.7,902.82,0.252,0
P5675,Cargo Bay,Normal,87,26,4,7,1.787,155.44,18,0.869,PVC,Foil,Braided Sleeving,MIL-DTL-38999,115VAC 400Hz,TRUE,TRUE,TRUE,3.155,8,7.04,21.18,1256.87,0.269,0
P2353,Avionics Bay,Normal,43,8,0,1,1.385,59.54,18,0.573,PTFE,Foil,Braided Sleeving,Micro-D,28VDC,TRUE,TRUE,FALSE,1.142,8,5.42,15.44,316.58,0.202,0
P8500,Cabin,Vibration-Prone,81,17,0,5,1.137,92.14,18,1,PVC,Foil+Braid,Heat Shrink,Micro-D,115VAC 400Hz,TRUE,TRUE,TRUE,1.915,8,7.3,20.02,550.34,0.41,0
P2819,Cargo Bay,Normal,75,24,2,2,1.981,148.58,10,0.966,PVC,None,Spiral Wrap,MIL-DTL-83723,270VDC,TRUE,TRUE,TRUE,8.934,30,5.88,14.77,1044.06,0.233,1
P6730,Engine Nacelle,Normal,111,28,3,8,2.113,234.52,26,0.727,XL-ETFE,Braid,Braided Sleeving,MIL-DTL-83723,28VDC,TRUE,TRUE,FALSE,1.673,1.2,7.4,19.21,1138.57,0.255,0
P2375,Engine Nacelle,Normal,102,21,2,2,1.385,141.3,20,0.743,XL-ETFE,Braid,Lacing Cord,MIL-DTL-26482,28VDC,TRUE,TRUE,FALSE,2.178,5,6.88,16.91,590.27,0.268,0
P7772,Cargo Bay,Normal,24,6,2,1,1.555,37.31,14,0.34,PTFE,Braid,Braided Sleeving,MIL-DTL-83723,230VAC 50Hz,TRUE,TRUE,TRUE,1.214,20,5.44,12.72,282.09,0.201,0
P1478,Cockpit,Normal,49,4,3,0,1.996,97.79,22,0.852,Polyimide,Braid,Lacing Cord,MIL-DTL-26482,28VDC,TRUE,TRUE,FALSE,1.209,3,5.84,10.75,199.6,0.259,1
P6731,Engine Nacelle,Vibration-Prone,71,27,2,4,1.912,135.76,24,0.617,PTFE,None,Spiral Wrap,MIL-DTL-38999,230VAC 50Hz,TRUE,TRUE,TRUE,1.181,2,6.52,16.63,1187.9,0.352,1
P5994,Wing Root,Normal,76,22,5,4,1.927,146.43,14,0.515,PTFE,Braid,Heat Shrink,MIL-DTL-38999,230VAC 50Hz,TRUE,TRUE,TRUE,4.935,20,7.05,20.01,1164.77,0.245,0
P6454,Engine Nacelle,High Temp,38,6,3,3,1.191,45.26,10,0.539,PTFE,Foil+Braid,Braided Sleeving,MIL-DTL-83723,28VDC,TRUE,TRUE,FALSE,2.634,25.5,6.56,17.02,300.68,0.231,0
P5645,Engine Nacelle,Normal,86,28,0,3,2.16,185.74,16,0.524,Polyimide,Braid,Braided Sleeving,MIL-DTL-83723,28VDC,TRUE,TRUE,FALSE,4.703,13,6.95,15.23,1149.51,0.264,0
P7468,Engine Nacelle,Normal,68,19,1,0,1.729,117.55,18,0.634,XL-ETFE,Foil,Lacing Cord,MIL-DTL-83723,115VAC 400Hz,TRUE,TRUE,TRUE,2.281,8,6.09,18.7,728.04,0.246,0
P1240,Engine Nacelle,Normal,53,20,2,0,1.418,75.13,22,0.793,PVC,None,Heat Shrink,Micro-D,270VDC,TRUE,TRUE,TRUE,0.875,3,5.4,15.1,567.65,0.221,1
P1060,Avionics Bay,Normal,75,14,1,4,1.045,78.34,20,0.28,XL-ETFE,Braid,Lacing Cord,MIL-DTL-38999,28VDC,TRUE,TRUE,FALSE,1.101,5,6.53,17.81,657.82,0.258,0
P9081,Cockpit,Normal,75,18,4,4,1.761,132.1,14,0.49,PVC,Foil,Heat Shrink,MIL-DTL-38999,115VAC 400Hz,TRUE,TRUE,TRUE,4.43,20,6.67,19.1,962.33,0.257,1
P4644,Cabin,Normal,88,26,2,2,1.489,131.01,16,0.533,XL-ETFE,Braid,Braided Sleeving,MIL-DTL-26482,28VDC,TRUE,TRUE,FALSE,3.323,13,6.9,19.46,707.95,0.241,1
P7965,Cockpit,Normal,75,28,0,2,1.445,108.34,22,1,XL-ETFE,None,Braided Sleeving,MIL-DTL-83723,28VDC,TRUE,TRUE,FALSE,1.311,3,5.71,16.96,973.44,0.209,0
P7085,Wing Root,High Temp,95,24,4,6,1.165,110.71,22,0.421,XL-ETFE,None,Braided Sleeving,Micro-D,28VDC,TRUE,TRUE,FALSE,1.198,2.55,6.76,20.04,717.13,0.238,1
P9216,Avionics Bay,Normal,22,12,1,0,1.51,33.22,20,0.432,Polyimide,None,Heat Shrink,MIL-DTL-83723,115VAC 400Hz,TRUE,TRUE,TRUE,0.459,5,4.8,12.06,438.16,0.205,0
P6720,Engine Nacelle,High Temp,52,10,0,1,1.531,79.62,14,0.428,XL-ETFE,Foil,Lacing Cord,MIL-DTL-38999,28VDC,TRUE,TRUE,FALSE,2.637,17,6.04,11.8,533.5,0.242,0
P6262,Wing Root,Normal,99,23,0,2,2.068,204.71,16,0.561,PVC,None,Spiral Wrap,Micro-D,230VAC 50Hz,TRUE,TRUE,TRUE,4.973,13,5.77,13.48,770.54,0.23,0
P4985,Cargo Bay,Moisture-Prone,116,28,6,4,1.33,154.22,22,0.381,XL-ETFE,Braid,Braided Sleeving,MIL-DTL-26482,28VDC,TRUE,TRUE,FALSE,1.739,3,7.78,23.58,698.11,0.268,0
P1402,Avionics Bay,Normal,134,31,7,6,1.593,213.44,18,0.559,XL-ETFE,Foil,Lacing Cord,MIL-DTL-83723,115VAC 400Hz,TRUE,TRUE,TRUE,4.082,8,7.47,25.08,1290.33,0.289,1
P4443,Cabin,Vibration-Prone,74,17,3,0,1.822,134.8,20,0.772,Polyimide,Foil,Braided Sleeving,MIL-DTL-26482,28VDC,TRUE,TRUE,FALSE,2.089,5,6.98,18.29,525.35,0.397,1
P9564,Cockpit,Normal,81,18,6,5,1.73,140.11,20,0.239,XL-ETFE,None,Spiral Wrap,Micro-D,28VDC,TRUE,TRUE,FALSE,1.859,5,6.18,19.18,595.46,0.222,0
P3939,Cabin,Normal,109,29,3,8,1.912,208.36,20,0.582,XL-ETFE,None,Lacing Cord,MIL-DTL-26482,115VAC 400Hz,TRUE,TRUE,TRUE,2.965,5,6.51,22.07,877.29,0.259,0
P4483,Engine Nacelle,Normal,62,14,1,2,1.491,92.44,22,0.649,XL-ETFE,Foil+Braid,Heat Shrink,MIL-DTL-38999,115VAC 400Hz,TRUE,TRUE,TRUE,1.099,3,6.54,20.4,689.93,0.232,0
P6904,Cockpit,Normal,28,10,3,0,1.975,55.3,18,0.482,XL-ETFE,Braid,Heat Shrink,D-Sub,28VDC,TRUE,TRUE,FALSE,1.041,8,5.71,15.5,163.81,0.209,0
P4407,Engine Nacelle,Normal,105,30,4,1,1.73,181.62,12,1,XL-ETFE,Foil,Lacing Cord,MIL-DTL-38999,28VDC,TRUE,TRUE,FALSE,8.391,25,6.9,21.22,1417.92,0.27,0
P9060,Cabin,Vibration-Prone,97,20,4,6,1.711,165.93,20,0.839,PTFE,Foil,Lacing Cord,MIL-DTL-26482,28VDC,TRUE,TRUE,FALSE,2.605,5,7.44,21.53,564.62,0.423,0
P9273,Cabin,High Temp,172,46,4,5,1.547,266.05,14,0.77,PTFE,Braid,Lacing Cord,MIL-DTL-26482,28VDC,TRUE,TRUE,FALSE,9.422,17,8.26,30.73,1390.63,0.317,0
P1350,Wing Root,Vibration-Prone,72,17,5,1,2.263,162.93,26,0.821,XL-ETFE,None,Braided Sleeving,MIL-DTL-38999,28VDC,TRUE,TRUE,FALSE,1.127,1.2,6.31,19.62,825.86,0.347,0
P1604,Cabin,Vibration-Prone,41,8,0,2,1.65,67.63,24,0.475,XL-ETFE,None,Braided Sleeving,Micro-D,28VDC,TRUE,TRUE,FALSE,0.572,2,5.3,8.71,270.01,0.309,0
P7016,Wing Root,High Temp,95,21,2,3,1.946,184.83,16,0.598,XL-ETFE,Braid,Braided Sleeving,D-Sub,28VDC,TRUE,TRUE,FALSE,4.749,11.05,7.32,18.58,442.37,0.253,0
P9014,Cargo Bay,Normal,86,17,1,4,1.947,167.48,16,0.209,Polyimide,None,Heat Shrink,MIL-DTL-38999,115VAC 400Hz,TRUE,FALSE,TRUE,3.785,13,6.01,15.96,924.12,0.238,0
P4072,Engine Nacelle,Normal,74,19,2,1,1.739,128.71,16,0.42,XL-ETFE,None,Spiral Wrap,Micro-D,28VDC,TRUE,TRUE,FALSE,3.04,13,5.68,19.97,647.52,0.209,0
P2308,Wing Root,Normal,45,7,0,2,2.378,107,16,0.531,XL-ETFE,Foil+Braid,Lacing Cord,MIL-DTL-38999,230VAC 50Hz,TRUE,TRUE,TRUE,2.713,13,5.91,9.78,419.76,0.238,0
P7713,Cockpit,Normal,105,26,7,2,1.361,142.95,16,0.54,Polyimide,Foil,Lacing Cord,MIL-DTL-38999,270VDC,TRUE,TRUE,TRUE,3.631,13,7.27,21.88,1195.56,0.307,1
P3147,Cabin,High Temp,68,15,0,0,1.958,133.15,26,0.657,XL-ETFE,Braid,Heat Shrink,MIL-DTL-38999,28VDC,TRUE,TRUE,FALSE,0.937,1.02,6.48,16.04,725.99,0.229,0
P9113,Cargo Bay,High Temp,130,30,6,5,1.058,137.49,16,0.683,PTFE,Braid,Braided Sleeving,MIL-DTL-38999,230VAC 50Hz,TRUE,TRUE,TRUE,3.591,11.05,8,22.21,1403.03,0.274,0
P7694,Cockpit,Normal,101,27,7,4,1.312,132.56,16,0.641,XL-ETFE,Foil+Braid,Braided Sleeving,MIL-DTL-83723,270VDC,TRUE,TRUE,FALSE,3.435,13,7.61,21.39,1097.72,0.262,0
P2524,Cockpit,Normal,101,31,2,4,1.258,127.01,26,0.607,PTFE,None,Braided Sleeving,MIL-DTL-38999,270VDC,TRUE,TRUE,TRUE,0.843,1.2,6.28,21.44,1368.82,0.225,0
P6694,Cargo Bay,Normal,44,15,3,0,1.33,58.53,18,0.451,XL-ETFE,None,Lacing Cord,Micro-D,270VDC,TRUE,TRUE,TRUE,1.043,8,5.25,13.79,435.58,0.222,0
P7614,Wing Root,Moisture-Prone,88,20,2,5,2.043,179.79,22,0.449,XL-ETFE,Foil,Lacing Cord,MIL-DTL-38999,28VDC,TRUE,TRUE,FALSE,2.055,3,7.04,21.25,999.09,0.275,1
P7085,Cockpit,Moisture-Prone,84,20,6,5,1.213,101.88,22,0.712,XL-ETFE,None,Lacing Cord,MIL-DTL-38999,28VDC,TRUE,TRUE,FALSE,1.168,3,6.59,22.99,904.17,0.262,1
P4949,Avionics Bay,Normal,63,22,2,3,1.513,95.32,18,0.567,Polyimide,Foil+Braid,Braided Sleeving,MIL-DTL-26482,28VDC,TRUE,TRUE,FALSE,1.826,8,7.13,16.81,611.54,0.27,1
P4435,Cargo Bay,Normal,85,26,3,5,1.275,108.38,24,0.543,PTFE,None,Braided Sleeving,MIL-DTL-83723,115VAC 400Hz,TRUE,FALSE,TRUE,0.929,2,6.22,17.65,904.71,0.222,1
P1294,Avionics Bay,High Temp,83,17,2,3,1.325,109.99,16,0.33,PTFE,Foil,Spiral Wrap,MIL-DTL-38999,28VDC,TRUE,TRUE,FALSE,2.677,11.05,6.93,17.02,857.41,0.241,0
P3765,Cargo Bay,High Temp,116,45,3,3,1.5,174,16,0.424,XL-ETFE,Foil,Lacing Cord,MIL-DTL-38999,28VDC,TRUE,TRUE,FALSE,4.318,11.05,7.65,25.64,1991.75,0.295,0
P4867,Cabin,Normal,79,15,2,2,2.084,164.6,22,0.468,XL-ETFE,Foil,Braided Sleeving,MIL-DTL-38999,115VAC 400Hz,TRUE,TRUE,TRUE,1.889,3,6.36,15,777.63,0.225,1
P4110,Engine Nacelle,Normal,112,32,7,1,1.416,158.6,14,0.709,Polyimide,None,Spiral Wrap,Micro-D,28VDC,TRUE,FALSE,FALSE,5.287,20,6.65,22.53,1019.05,0.258,0
P1823,Cabin,Normal,50,17,4,0,1.475,73.77,12,0.846,XL-ETFE,Foil+Braid,Braided Sleeving,MIL-DTL-26482,28VDC,TRUE,TRUE,FALSE,3.313,25,6.56,17.82,494.67,0.231,0
P9648,Wing Root,Normal,94,27,3,3,1.055,99.14,22,0.745,PTFE,Foil,Lacing Cord,D-Sub,115VAC 400Hz,TRUE,TRUE,TRUE,1.201,3,6.87,21.04,399.84,0.269,0
P1974,Avionics Bay,Vibration-Prone,68,17,0,1,1.312,89.23,22,0.894,PTFE,None,Heat Shrink,MIL-DTL-38999,28VDC,TRUE,TRUE,FALSE,1.059,3,5.84,18.03,772.21,0.33,0
P3268,Cabin,High Temp,103,24,3,2,0.916,94.36,20,0.489,XL-ETFE,None,Lacing Cord,MIL-DTL-83723,115VAC 400Hz,TRUE,TRUE,TRUE,1.318,4.25,6.55,20.99,886.35,0.26,0
P5607,Cargo Bay,Normal,53,12,4,4,2.421,128.32,22,0.729,PTFE,Foil,Heat Shrink,MIL-DTL-26482,115VAC 400Hz,TRUE,TRUE,TRUE,1.55,3,6.29,16.23,380.63,0.224,1
P1877,Cockpit,Moisture-Prone,70,19,1,1,1.58,110.59,10,0.434,XL-ETFE,Braid,Heat Shrink,D-Sub,230VAC 50Hz,TRUE,TRUE,TRUE,6.302,30,6.78,18.51,411.96,0.238,0
P4740,Avionics Bay,High Temp,95,23,2,3,1.655,157.22,14,1,XL-ETFE,None,Braided Sleeving,MIL-DTL-26482,28VDC,TRUE,TRUE,FALSE,5.534,17,6.47,16.82,681.87,0.229,0
P9493,Cargo Bay,Normal,117,28,7,4,1.902,222.58,26,0.617,XL-ETFE,Foil,Braided Sleeving,MIL-DTL-38999,28VDC,TRUE,TRUE,FALSE,1.555,1.2,7.26,24.63,1336.11,0.253,1
P6322,Cargo Bay,High Temp,39,4,0,1,2.354,91.82,20,0.287,XL-ETFE,None,Heat Shrink,MIL-DTL-83723,28VDC,TRUE,TRUE,FALSE,1.231,4.25,4.82,12.71,214.53,0.187,1
P1789,Cockpit,Normal,112,30,1,4,2.116,237.03,20,1,XL-ETFE,Foil+Braid,Lacing Cord,MIL-DTL-26482,28VDC,TRUE,TRUE,FALSE,3.833,5,7.34,22.51,834.02,0.284,0
P5264,Avionics Bay,Moisture-Prone,93,21,2,4,1.735,161.32,16,0.783,XL-ETFE,None,Heat Shrink,MIL-DTL-83723,270VDC,TRUE,TRUE,TRUE,4.091,13,6.38,19.27,800.69,0.227,0
P7458,Cabin,Normal,47,14,2,2,2.629,123.55,26,0.15,PVC,None,Heat Shrink,MIL-DTL-38999,28VDC,TRUE,TRUE,FALSE,0.747,1.2,5.37,15.4,643.4,0.22,0
P6298,Wing Root,High Temp,93,24,2,4,1.625,151.12,18,0.438,XL-ETFE,None,Braided Sleeving,D-Sub,28VDC,TRUE,TRUE,FALSE,2.686,6.8,6.53,15.77,422.02,0.23,0
P4167,Avionics Bay,Normal,58,6,1,4,1.372,79.57,14,0.364,PTFE,Foil,Spiral Wrap,D-Sub,28VDC,TRUE,TRUE,FALSE,2.601,20,5.8,10.21,178.44,0.209,1
P4144,Cockpit,High Temp,37,5,1,4,0.808,29.91,22,0.546,PTFE,None,Heat Shrink,Micro-D,115VAC 400Hz,TRUE,TRUE,TRUE,0.332,2.55,5.22,10.42,174.68,0.195,0
P7766,Cockpit,Normal,95,17,1,6,1.302,123.65,16,0.468,Polyimide,None,Lacing Cord,MIL-DTL-83723,230VAC 50Hz,TRUE,TRUE,TRUE,2.949,13,6.15,19.06,696.27,0.271,0
P6439,Avionics Bay,Moisture-Prone,123,30,7,4,1.908,234.72,20,0.61,PTFE,None,Heat Shrink,MIL-DTL-38999,230VAC 50Hz,TRUE,FALSE,FALSE,3.358,5,6.99,27.63,1472.18,0.247,1
P6302,Avionics Bay,Normal,81,20,2,5,1.367,110.76,20,0.298,XL-ETFE,None,Braided Sleeving,MIL-DTL-83723,28VDC,TRUE,TRUE,FALSE,1.488,5,5.99,16.89,782.46,0.216,0
P5537,Cockpit,Normal,51,13,1,0,2.398,122.27,16,0.509,PTFE,Braid,Heat Shrink,MIL-DTL-26482,115VAC 400Hz,TRUE,TRUE,FALSE,3.087,13,5.98,15.28,413.12,0.215,0
P4770,Cargo Bay,Normal,112,26,2,4,1.642,183.86,18,0.663,XL-ETFE,None,Spiral Wrap,MIL-DTL-38999,28VDC,TRUE,TRUE,FALSE,3.417,8,6.25,13.93,1172.31,0.222,1
P9903,Cockpit,Vibration-Prone,101,27,3,6,1.524,153.9,16,0.296,PTFE,Braid,Heat Shrink,MIL-DTL-38999,270VDC,TRUE,TRUE,TRUE,3.72,13,7.77,25.29,1276.22,0.4,0
P8727,Cabin,Normal,115,29,5,9,1.383,159,18,0.525,Polyimide,Foil+Braid,Heat Shrink,MIL-DTL-38999,270VDC,TRUE,TRUE,TRUE,3.02,8,8.01,23.01,1383.67,0.299,0
P3107,Cabin,Vibration-Prone,56,9,2,6,1.943,108.79,16,0.68,Polyimide,Foil+Braid,Spiral Wrap,MIL-DTL-38999,270VDC,TRUE,TRUE,TRUE,2.84,13,7.29,15.9,545.64,0.408,1
P5725,Cabin,Vibration-Prone,70,13,0,0,1.641,114.85,10,0.667,XL-ETFE,Foil+Braid,Lacing Cord,MIL-DTL-38999,115VAC 400Hz,TRUE,TRUE,TRUE,6.854,30,6.74,13.38,765.86,0.394,0
P1976,Cabin,Normal,57,15,2,4,1.458,83.09,24,0.449,XL-ETFE,Braid,Braided Sleeving,MIL-DTL-38999,230VAC 50Hz,TRUE,TRUE,TRUE,0.734,2,6.52,15.81,695.33,0.23,0
P5332,Wing Root,Normal,105,26,5,2,2.239,235.13,20,0.429,PTFE,None,Braided Sleeving,MIL-DTL-83723,115VAC 400Hz,TRUE,FALSE,TRUE,3.245,5,6.3,20.35,1058.05,0.225,1
P7338,Wing Root,High Temp,75,21,6,2,1.34,100.52,26,0.544,XL-ETFE,Foil,Braided Sleeving,MIL-DTL-38999,230VAC 50Hz,TRUE,TRUE,TRUE,0.692,1.02,7.15,21.47,930.53,0.249,1
P6899,Cabin,Normal,92,22,0,9,0.821,75.55,20,0.421,XL-ETFE,Braid,Heat Shrink,MIL-DTL-38999,28VDC,TRUE,TRUE,FALSE,1.093,5,6.88,16.17,989.32,0.24,0
P2074,Cockpit,High Temp,50,7,1,3,1.752,87.62,20,0.671,Polyimide,None,Lacing Cord,D-Sub,115VAC 400Hz,TRUE,TRUE,TRUE,1.269,4.25,5.69,13.88,169.4,0.256,0
P6241,Engine Nacelle,Vibration-Prone,38,4,1,0,1.885,71.64,18,0.554,XL-ETFE,Foil,Heat Shrink,MIL-DTL-26482,115VAC 400Hz,TRUE,TRUE,TRUE,1.369,8,5.59,7,177.97,0.317,0
P7217,Wing Root,Normal,53,4,1,1,2.269,120.23,18,0.42,PVC,Braid,Heat Shrink,MIL-DTL-38999,28VDC,TRUE,TRUE,FALSE,2.236,8,5.61,14.51,300.01,0.226,1
P7249,Avionics Bay,Normal,120,32,8,9,1.46,175.21,14,0.559,XL-ETFE,Foil,Heat Shrink,MIL-DTL-26482,115VAC 400Hz,TRUE,TRUE,TRUE,5.957,20,7.55,22.87,899.64,0.261,0
P4872,Wing Root,Vibration-Prone,100,22,4,0,2.261,226.13,24,0.725,PTFE,Braid,Braided Sleeving,MIL-DTL-38999,28VDC,TRUE,TRUE,FALSE,2.109,2,7.34,19.31,1143.59,0.382,0
P5299,Wing Root,High Temp,108,22,4,2,1.486,160.49,22,0.728,XL-ETFE,Braid,Lacing Cord,MIL-DTL-38999,28VDC,TRUE,TRUE,FALSE,1.938,2.55,7.49,20.98,1036.74,0.288,0
P8062,Avionics Bay,Normal,58,12,0,0,1.66,96.31,16,0.993,XL-ETFE,Braid,Lacing Cord,MIL-DTL-38999,28VDC,TRUE,TRUE,FALSE,2.666,13,5.87,15.53,629.26,0.239,0
P7131,Cabin,Vibration-Prone,116,27,4,6,1.476,171.2,12,0.29,PVC,None,Spiral Wrap,MIL-DTL-83723,270VDC,TRUE,TRUE,FALSE,6.561,25,7.01,21.28,1157.13,0.4,0
P9967,Engine Nacelle,Normal,101,20,5,5,1.672,168.88,16,0.454,PTFE,None,Braided Sleeving,MIL-DTL-26482,28VDC,TRUE,TRUE,FALSE,4.016,13,6.31,21.31,587.04,0.226,0
P8025,Cockpit,Normal,148,43,3,11,1.44,213.15,12,0.626,PTFE,Foil,Heat Shrink,MIL-DTL-38999,230VAC 50Hz,TRUE,TRUE,TRUE,9.178,25,7.61,23.96,1993.97,0.263,0
P9655,Avionics Bay,High Temp,66,21,0,2,2.005,132.3,22,0.737,Polyimide,Foil+Braid,Spiral Wrap,MIL-DTL-38999,115VAC 400Hz,TRUE,TRUE,TRUE,1.601,2.55,7.25,19.93,1047.88,0.274,1
P4186,Engine Nacelle,Moisture-Prone,43,11,1,2,1.968,84.62,16,0.804,XL-ETFE,Braid,Lacing Cord,MIL-DTL-83723,115VAC 400Hz,TRUE,TRUE,TRUE,2.262,13,6.34,15.72,483.71,0.252,1
P3550,Cabin,High Temp,108,26,6,5,1.445,156.04,16,0.861,XL-ETFE,Braid,Lacing Cord,MIL-DTL-83723,230VAC 50Hz,TRUE,TRUE,TRUE,4.216,11.05,7.83,22.75,1070.61,0.299,1
P1081,Cabin,Normal,67,14,3,6,1.989,133.29,18,0.725,XL-ETFE,None,Braided Sleeving,MIL-DTL-83723,115VAC 400Hz,TRUE,TRUE,FALSE,2.507,8,5.84,15.69,593.24,0.212,0
P5857,Engine Nacelle,Normal,106,29,3,7,2.156,228.55,18,0.957,PTFE,None,Lacing Cord,MIL-DTL-38999,28VDC,TRUE,TRUE,FALSE,4.49,8,6.46,21.11,1440.87,0.258,1
P2434,Avionics Bay,Normal,66,18,6,3,1.462,96.5,22,0.463,XL-ETFE,None,Heat Shrink,MIL-DTL-38999,230VAC 50Hz,TRUE,TRUE,TRUE,1.054,3,5.98,20.21,793.68,0.217,0
P5276,Cockpit,Normal,10,4,0,0,1.348,13.48,16,0.966,Polyimide,Braid,Braided Sleeving,MIL-DTL-38999,115VAC 400Hz,TRUE,TRUE,TRUE,0.371,13,4.67,8.45,182.97,0.201,0
P6435,Avionics Bay,Normal,64,11,4,0,1.847,118.2,12,0.264,XL-ETFE,Foil,Spiral Wrap,MIL-DTL-83723,115VAC 400Hz,TRUE,TRUE,TRUE,4.73,25,6.05,15.64,527.58,0.217,1
P1120,Cabin,Normal,90,25,6,4,2.362,212.62,18,0.503,PTFE,None,Braided Sleeving,Micro-D,230VAC 50Hz,TRUE,TRUE,TRUE,3.83,8,6.35,19.67,828.68,0.227,0
P5747,Cargo Bay,Normal,129,31,7,9,1.154,148.83,24,0.597,PTFE,None,Lacing Cord,MIL-DTL-38999,115VAC 400Hz,TRUE,TRUE,TRUE,1.29,2,6.86,24.74,1354.62,0.271,0
P8248,Cabin,Normal,77,23,2,5,1.992,153.38,26,0.865,Polyimide,Foil,Lacing Cord,MIL-DTL-83723,115VAC 400Hz,TRUE,TRUE,TRUE,1.123,1.2,6.91,15.32,869.11,0.293,0
P3470,Avionics Bay,Normal,59,19,2,3,2.087,123.15,18,0.805,PTFE,Foil+Braid,Heat Shrink,D-Sub,115VAC 400Hz,TRUE,TRUE,TRUE,2.469,8,6.82,14.04,349.99,0.237,0
P2348,Avionics Bay,Vibration-Prone,67,17,3,5,1.319,88.35,10,0.575,PTFE,None,Spiral Wrap,Micro-D,115VAC 400Hz,TRUE,FALSE,FALSE,4.932,30,6.39,15.42,604.35,0.347,0
P7099,Avionics Bay,Normal,68,15,1,1,1.753,119.2,12,0.338,Polyimide,Foil+Braid,Lacing Cord,MIL-DTL-83723,28VDC,TRUE,TRUE,FALSE,4.844,25,6.75,13.5,664.52,0.287,0
P3292,Engine Nacelle,High Temp,108,27,7,7,1.463,158.03,20,0.382,XL-ETFE,Foil,Lacing Cord,MIL-DTL-38999,28VDC,TRUE,TRUE,FALSE,2.268,4.25,7.74,23.28,1261.29,0.297,0
P1258,Cabin,Moisture-Prone,117,30,4,8,1.716,200.79,24,0.583,Polyimide,Foil,Heat Shrink,MIL-DTL-38999,28VDC,TRUE,TRUE,FALSE,1.822,2,7.84,20.21,1390.71,0.293,1
P7852,Engine Nacelle,High Temp,110,29,5,4,1.554,170.9,12,0.675,XL-ETFE,Foil+Braid,Braided Sleeving,MIL-DTL-83723,28VDC,TRUE,TRUE,FALSE,7.429,21.25,8.03,22.35,1311.24,0.275,0
P8018,Wing Root,Moisture-Prone,76,12,1,5,0.995,75.63,16,0.441,Polyimide,None,Heat Shrink,MIL-DTL-38999,28VDC,TRUE,TRUE,FALSE,1.794,13,6.16,17.01,592.49,0.242,1
P1818,Cargo Bay,Normal,53,11,2,6,1.771,93.89,18,0.602,PTFE,Foil,Lacing Cord,MIL-DTL-83723,28VDC,TRUE,TRUE,FALSE,1.811,8,6.19,13.19,481.19,0.247,1
P3552,Engine Nacelle,Normal,85,23,1,4,1.834,155.85,18,0.698,XL-ETFE,Foil,Heat Shrink,MIL-DTL-83723,115VAC 400Hz,TRUE,TRUE,TRUE,3.062,8,6.61,16.5,921.19,0.232,1
P2620,Cockpit,Moisture-Prone,78,17,3,6,1.201,93.67,14,0.854,XL-ETFE,Braid,Braided Sleeving,Micro-D,28VDC,TRUE,TRUE,FALSE,3.37,20,7.24,15.77,528.09,0.249,1
P5062,Avionics Bay,Vibration-Prone,65,15,0,6,1.168,75.92,20,0.604,PTFE,None,Braided Sleeving,D-Sub,115VAC 400Hz,TRUE,TRUE,TRUE,1.085,5,6.03,14.36,226.97,0.335,0
P1288,Cargo Bay,High Temp,110,26,3,1,2.004,220.44,18,0.334,XL-ETFE,None,Lacing Cord,MIL-DTL-83723,115VAC 400Hz,TRUE,TRUE,FALSE,3.836,6.8,6.54,20.02,1059.8,0.26,0
P8795,Cargo Bay,Normal,86,29,1,4,1.408,121.1,22,0.594,PTFE,None,Lacing Cord,MIL-DTL-38999,115VAC 400Hz,TRUE,TRUE,TRUE,1.357,3,6.05,18.89,1292.73,0.245,1
P9609,Cargo Bay,Normal,67,17,1,1,1.536,102.9,24,0.705,PTFE,Braid,Braided Sleeving,MIL-DTL-26482,115VAC 400Hz,TRUE,TRUE,TRUE,0.956,2,6.37,17.19,449.37,0.226,1
P5135,Cockpit,Normal,11,4,1,0,1.784,19.63,16,0.296,Polyimide,None,Braided Sleeving,MIL-DTL-38999,28VDC,TRUE,TRUE,FALSE,0.452,13,3.97,9.19,212.58,0.184,0
P8887,Cargo Bay,High Temp,96,28,4,4,1.288,123.67,18,0.47,PTFE,None,Braided Sleeving,MIL-DTL-38999,270VDC,TRUE,TRUE,FALSE,2.213,6.8,6.76,21.04,1294.9,0.238,0
P4653,Cockpit,Normal,141,40,6,5,0.963,135.76,22,0.751,PTFE,None,Braided Sleeving,MIL-DTL-38999,230VAC 50Hz,TRUE,TRUE,TRUE,1.568,3,6.87,23.27,1656.27,0.242,0
P7553,Cockpit,Normal,10,5,3,1,1.516,15.16,18,0.383,XL-ETFE,Braid,Braided Sleeving,MIL-DTL-83723,28VDC,TRUE,FALSE,FALSE,0.28,8,4.99,11.01,191.46,0.19,0
P4239,Cockpit,Normal,83,14,4,4,1.95,161.82,16,0.778,Polyimide,None,Spiral Wrap,MIL-DTL-83723,230VAC 50Hz,TRUE,TRUE,TRUE,4.1,13,6.15,17.66,656.94,0.242,0
P4691,Wing Root,Normal,102,25,4,5,2.31,235.64,22,0.304,PVC,None,Heat Shrink,MIL-DTL-83723,28VDC,TRUE,TRUE,FALSE,2.491,3,6.36,23.76,1019.92,0.25,0
P6479,Avionics Bay,High Temp,46,11,0,6,1.787,82.22,16,0.71,PTFE,Braid,Braided Sleeving,MIL-DTL-38999,115VAC 400Hz,TRUE,TRUE,TRUE,2.159,11.05,6.51,15.31,522.77,0.229,0
P5301,Cargo Bay,Normal,88,20,1,0,1.427,125.55,12,0.271,PTFE,Braid,Braided Sleeving,MIL-DTL-83723,115VAC 400Hz,TRUE,FALSE,TRUE,5.031,25,6.48,16.68,849.48,0.229,0
P5722,Cockpit,Moisture-Prone,93,21,4,5,1.633,151.91,20,0.643,PVC,Foil,Braided Sleeving,MIL-DTL-83723,270VDC,TRUE,TRUE,TRUE,2.297,5,7.24,22.51,867.33,0.275,0
P3430,Cabin,High Temp,42,10,0,0,1.54,64.66,26,0.445,PTFE,None,Heat Shrink,MIL-DTL-26482,115VAC 400Hz,TRUE,TRUE,TRUE,0.416,1.02,5.14,12.02,243.21,0.194,0
P6950,Engine Nacelle,Normal,99,24,4,2,1.284,127.14,26,0.586,Polyimide,None,Spiral Wrap,MIL-DTL-38999,28VDC,TRUE,FALSE,FALSE,0.841,1.2,6.38,17.34,1058.84,0.248,0
P5210,Cockpit,High Temp,96,23,2,6,2.255,216.51,14,0.719,PTFE,None,Heat Shrink,MIL-DTL-83723,28VDC,TRUE,TRUE,FALSE,7.232,17,6.61,16.46,1056.27,0.232,1
P5233,Cabin,Normal,37,9,0,2,2.065,76.4,14,0.756,PTFE,None,Braided Sleeving,MIL-DTL-38999,28VDC,TRUE,TRUE,FALSE,2.57,20,4.8,11.18,483.79,0.186,0
P9605,Cargo Bay,Normal,73,19,3,5,1.838,134.16,18,0.416,XL-ETFE,None,Heat Shrink,MIL-DTL-38999,28VDC,TRUE,TRUE,FALSE,2.374,8,5.99,15.77,891.58,0.216,1
P7324,Cockpit,Normal,49,11,2,3,1.324,64.89,24,0.32,PTFE,None,Heat Shrink,MIL-DTL-38999,115VAC 400Hz,TRUE,TRUE,TRUE,0.532,2,5.34,13.53,516.64,0.199,0
P2607,Cockpit,Normal,63,13,1,2,2.092,131.77,24,0.692,PTFE,None,Lacing Cord,MIL-DTL-38999,28VDC,TRUE,TRUE,FALSE,1.163,2,5.39,13.51,617.2,0.226,0
P4524,Cabin,Normal,131,33,6,6,1.333,174.63,14,0.152,PTFE,None,Lacing Cord,MIL-DTL-83723,28VDC,TRUE,TRUE,FALSE,5.199,20,6.77,25.3,1284.64,0.268,0
P6423,Cabin,Normal,109,29,4,2,1.571,171.21,24,0.442,XL-ETFE,Foil+Braid,Spiral Wrap,MIL-DTL-38999,270VDC,TRUE,TRUE,TRUE,1.51,2,7.43,19.61,1322.61,0.256,0
P5674,Cargo Bay,Normal,67,15,1,0,1.844,123.54,14,0.592,PVC,Braid,Braided Sleeving,MIL-DTL-26482,230VAC 50Hz,TRUE,TRUE,TRUE,4.227,20,6.2,17.12,531.02,0.243,1
P3206,Cabin,Normal,114,32,4,2,1.456,166.01,14,0.839,XL-ETFE,None,Braided Sleeving,MIL-DTL-38999,115VAC 400Hz,TRUE,TRUE,TRUE,5.672,20,6.39,19.88,1488.25,0.228,1
P4132,Avionics Bay,Normal,61,19,2,2,1.138,69.44,26,0.162,Polyimide,Braid,Lacing Cord,MIL-DTL-38999,270VDC,TRUE,TRUE,TRUE,0.442,1.2,6.76,19.38,821.79,0.29,0
P9142,Avionics Bay,Normal,75,17,4,4,2.078,155.86,14,0.264,XL-ETFE,Foil,Braided Sleeving,MIL-DTL-83723,115VAC 400Hz,TRUE,TRUE,TRUE,4.99,20,6.64,16.43,807.05,0.233,1
P7763,Cargo Bay,Normal,66,14,4,3,0.851,56.15,18,1,XL-ETFE,Foil,Heat Shrink,D-Sub,28VDC,TRUE,TRUE,FALSE,1.167,8,6.43,16.73,230.16,0.228,0
P2842,Cockpit,Normal,141,38,5,7,1.6,225.6,14,0.824,XL-ETFE,Braid,Braided Sleeving,MIL-DTL-38999,28VDC,TRUE,TRUE,FALSE,8.072,20,7.76,25.3,1881.24,0.268,0
P1611,Cockpit,Vibration-Prone,54,12,4,2,2.019,109.03,22,0.731,XL-ETFE,Braid,Lacing Cord,MIL-DTL-38999,270VDC,TRUE,TRUE,TRUE,1.317,3,6.92,17.39,609.15,0.402,1
P5964,Cockpit,High Temp,38,12,0,4,1.85,70.32,16,0.933,XL-ETFE,Foil,Braided Sleeving,Micro-D,115VAC 400Hz,TRUE,TRUE,TRUE,1.925,11.05,6.14,14.99,399.03,0.22,0
P7617,Wing Root,Normal,103,27,4,6,1.788,184.2,22,0.527,XL-ETFE,Foil,Braided Sleeving,D-Sub,28VDC,TRUE,FALSE,FALSE,2.139,3,7.11,22,470.46,0.248,0
P9635,Avionics Bay,Normal,103,29,1,5,1.275,131.37,16,0.363,PTFE,Foil,Braided Sleeving,MIL-DTL-26482,28VDC,TRUE,TRUE,FALSE,3.22,13,6.87,19.18,781.09,0.24,0
P9662,Cargo Bay,High Temp,97,26,1,4,2.41,233.81,18,0.552,XL-ETFE,Braid,Spiral Wrap,MIL-DTL-83723,270VDC,TRUE,TRUE,TRUE,4.465,6.8,7.38,19.28,1111.3,0.255,0
P1863,Wing Root,Moisture-Prone,92,22,2,4,1.913,175.97,20,0.802,PTFE,None,Braided Sleeving,MIL-DTL-83723,115VAC 400Hz,TRUE,TRUE,FALSE,2.612,5,6.4,21.11,926.76,0.228,0
P4832,Wing Root,High Temp,10,4,0,0,0.345,3.45,20,0.573,XL-ETFE,Foil,Lacing Cord,MIL-DTL-38999,28VDC,TRUE,TRUE,FALSE,0.051,4.25,4.66,13.16,158.53,0.207,0
P7601,Cabin,High Temp,115,29,4,5,1.737,199.76,18,0.409,XL-ETFE,Foil+Braid,Lacing Cord,D-Sub,115VAC 400Hz,TRUE,TRUE,TRUE,3.707,6.8,8.04,24.05,493.13,0.307,1
P8529,Cargo Bay,Normal,63,14,2,4,1.673,105.41,24,0.402,PTFE,Braid,Lacing Cord,MIL-DTL-83723,28VDC,TRUE,TRUE,FALSE,0.922,2,6.54,20.07,584.8,0.259,1
P4796,Engine Nacelle,High Temp,94,20,3,4,1.487,139.76,18,0.591,XL-ETFE,Foil,Lacing Cord,MIL-DTL-26482,28VDC,TRUE,TRUE,FALSE,2.689,6.8,7.2,18.98,610.02,0.278,0
P2620,Wing Root,Vibration-Prone,86,20,4,5,1.386,119.17,16,0.482,XL-ETFE,Foil,Heat Shrink,D-Sub,28VDC,TRUE,FALSE,FALSE,2.992,13,7.34,22.58,353.97,0.384,0
P5537,Engine Nacelle,Normal,62,17,5,3,2.251,139.54,22,0.542,PVC,Braid,Lacing Cord,D-Sub,115VAC 400Hz,TRUE,TRUE,TRUE,1.625,3,6.76,19.12,324.82,0.29,0
P2059,Cargo Bay,Normal,73,19,3,3,1.712,124.96,18,0.564,PVC,None,Spiral Wrap,MIL-DTL-38999,115VAC 400Hz,TRUE,TRUE,TRUE,2.278,8,5.89,18.29,859.77,0.235,0
P6465,Avionics Bay,Normal,60,21,2,1,2.004,120.24,20,0.299,PTFE,None,Heat Shrink,MIL-DTL-26482,28VDC,TRUE,TRUE,FALSE,1.616,5,5.61,12.88,535.78,0.205,0
P7374,Avionics Bay,Normal,50,7,5,0,1.001,50.03,20,0.924,XL-ETFE,Braid,Braided Sleeving,MIL-DTL-38999,28VDC,TRUE,TRUE,FALSE,0.798,5,5.99,16.52,332.24,0.216,0
P5899,Avionics Bay,Vibration-Prone,107,22,7,3,1.685,180.31,22,0.598,PVC,Foil+Braid,Spiral Wrap,Micro-D,28VDC,TRUE,TRUE,FALSE,2.123,3,8,23.35,763.02,0.437,0
P5237,Cabin,High Temp,140,38,6,4,1.524,213.4,24,0.311,XL-ETFE,Foil,Spiral Wrap,MIL-DTL-26482,115VAC 400Hz,TRUE,TRUE,TRUE,1.833,1.7,7.89,26.92,953.04,0.272,0
P6118,Avionics Bay,Normal,110,22,1,6,2.041,224.56,16,0.635,PVC,Braid,Spiral Wrap,MIL-DTL-38999,28VDC,TRUE,TRUE,FALSE,5.812,13,7.04,18.95,1218.57,0.268,0
P6491,Engine Nacelle,High Temp,74,21,0,2,1.614,119.4,26,0.741,PTFE,Foil,Braided Sleeving,MIL-DTL-38999,28VDC,TRUE,TRUE,FALSE,0.854,1.02,6.66,14.5,927.31,0.233,0
P6987,Cargo Bay,High Temp,42,13,1,0,2.027,85.15,24,0.351,XL-ETFE,Foil+Braid,Braided Sleeving,Micro-D,28VDC,TRUE,TRUE,FALSE,0.737,1.7,6.52,14.91,405.21,0.229,0
P4667,Cargo Bay,Vibration-Prone,43,4,1,3,1.426,61.33,18,0.932,PTFE,None,Heat Shrink,MIL-DTL-38999,115VAC 400Hz,TRUE,TRUE,FALSE,1.199,8,5.25,11.9,243.23,0.308,0
P1845,Avionics Bay,Normal,90,17,0,5,1.082,97.34,20,0.564,XL-ETFE,Foil+Braid,Heat Shrink,MIL-DTL-26482,28VDC,TRUE,TRUE,FALSE,1.449,5,6.85,17.04,490.98,0.239,1
P1548,Avionics Bay,Normal,79,21,2,4,2.02,159.58,16,0.715,XL-ETFE,Foil,Lacing Cord,MIL-DTL-83723,28VDC,TRUE,TRUE,FALSE,4.194,13,6.63,20.45,888.83,0.262,0
P8061,Cockpit,Normal,72,13,1,4,0.902,64.95,22,0.389,XL-ETFE,Foil,Heat Shrink,MIL-DTL-38999,270VDC,TRUE,FALSE,TRUE,0.734,3,6.25,13.72,593.22,0.222,0
P9053,Engine Nacelle,High Temp,75,14,3,4,0.698,52.33,12,0.686,PTFE,Braid,Lacing Cord,D-Sub,28VDC,TRUE,TRUE,FALSE,2.28,21.25,7.13,16.35,243.55,0.275,0
P5066,Cargo Bay,Normal,70,15,4,3,2.109,147.64,14,0.284,XL-ETFE,None,Lacing Cord,MIL-DTL-38999,28VDC,TRUE,TRUE,FALSE,4.52,20,5.82,17.61,827.27,0.238,0
P4644,Cargo Bay,Normal,32,10,0,2,2.061,65.94,22,0.666,PTFE,Foil,Heat Shrink,MIL-DTL-26482,270VDC,TRUE,TRUE,TRUE,0.787,3,5.44,12.71,252.96,0.201,0
P2600,Wing Root,Normal,103,25,2,2,1.376,141.75,26,0.529,PTFE,None,Braided Sleeving,Micro-D,28VDC,TRUE,TRUE,FALSE,0.927,1.2,6.07,18.9,800.5,0.219,1
P5089,Cargo Bay,Normal,58,12,1,0,1.975,114.56,12,0.406,PTFE,None,Lacing Cord,MIL-DTL-38999,28VDC,TRUE,TRUE,FALSE,4.496,25,5.12,13.6,672.61,0.218,0
P7670,Cargo Bay,Normal,55,4,2,4,1.186,65.24,20,0.189,PTFE,None,Heat Shrink,MIL-DTL-26482,115VAC 400Hz,TRUE,TRUE,TRUE,0.857,5,5.03,12.14,149.87,0.191,0
P4139,Cargo Bay,Normal,87,14,1,4,1.518,132.1,24,0.611,PTFE,Foil,Heat Shrink,D-Sub,28VDC,TRUE,TRUE,FALSE,1.205,2,6.39,15.46,300.86,0.226,0
P9046,Wing Root,High Temp,69,16,5,5,1.306,90.12,18,0.791,PTFE,Braid,Lacing Cord,MIL-DTL-38999,230VAC 50Hz,TRUE,TRUE,FALSE,1.803,6.8,7.31,21.03,720.56,0.283,0
P9737,Engine Nacelle,Vibration-Prone,32,6,3,4,1.74,55.69,16,0.57,PTFE,Braid,Lacing Cord,MIL-DTL-38999,230VAC 50Hz,TRUE,TRUE,TRUE,1.423,13,6.38,13.12,323.66,0.381,0
P9191,Cockpit,High Temp,84,23,3,4,1.725,144.91,20,0.613,XL-ETFE,Braid,Spiral Wrap,Micro-D,115VAC 400Hz,TRUE,TRUE,FALSE,2.178,4.25,7.43,21.07,723.8,0.257,0
P3493,Cargo Bay,High Temp,68,20,1,2,1.883,128.02,16,0.596,XL-ETFE,Braid,Heat Shrink,D-Sub,270VDC,TRUE,TRUE,TRUE,3.288,11.05,6.95,17.78,342.79,0.242,0
P7817,Wing Root,Normal,136,25,2,5,1.54,209.41,22,0.467,Polyimide,Foil,Braided Sleeving,MIL-DTL-26482,270VDC,TRUE,TRUE,TRUE,2.403,3,7.26,22.14,734.93,0.276,0
P7850,Wing Root,Normal,76,15,1,5,1.569,119.25,18,0.618,XL-ETFE,Braid,Braided Sleeving,MIL-DTL-83723,28VDC,TRUE,TRUE,FALSE,2.307,8,6.62,20.06,662.96,0.234,0
P7301,Cockpit,Normal,70,13,0,4,1.151,80.55,22,1,Polyimide,Braid,Lacing Cord,D-Sub,28VDC,TRUE,TRUE,FALSE,1.023,3,6.53,15.76,198.41,0.281,1
P4116,Engine Nacelle,High Temp,96,20,2,6,1.511,145.04,26,0.656,XL-ETFE,Foil,Heat Shrink,MIL-DTL-26482,28VDC,TRUE,TRUE,FALSE,1.021,1.02,7.21,19.36,542.9,0.25,0
P8681,Cargo Bay,Normal,93,26,0,3,1.798,167.18,18,0.871,XL-ETFE,Foil+Braid,Braided Sleeving,MIL-DTL-26482,28VDC,TRUE,TRUE,FALSE,3.394,8,6.97,18.8,751.55,0.243,1
P5686,Cargo Bay,Normal,96,29,3,7,1.336,128.29,16,0.866,PTFE,Foil,Spiral Wrap,MIL-DTL-38999,270VDC,TRUE,FALSE,TRUE,3.469,13,7.08,20.62,1410.15,0.247,0
P5177,Avionics Bay,Normal,74,23,1,3,1.946,143.99,18,0.271,PVC,Foil,Braided Sleeving,MIL-DTL-38999,270VDC,TRUE,TRUE,TRUE,2.597,8,6.48,18.5,1060.8,0.251,0
P1551,Avionics Bay,Vibration-Prone,73,15,4,8,1.356,98.98,22,0.652,PTFE,Braid,Lacing Cord,MIL-DTL-38999,115VAC 400Hz,TRUE,TRUE,TRUE,1.178,3,7.44,18.35,736.43,0.421,0
P8418,Wing Root,Normal,111,28,6,4,0.866,96.16,24,0.439,XL-ETFE,None,Lacing Cord,D-Sub,115VAC 400Hz,TRUE,TRUE,TRUE,0.807,2,6.52,24.68,349.36,0.261,0
P4158,Wing Root,Normal,41,4,1,4,1.153,47.27,20,0.638,XL-ETFE,Foil,Lacing Cord,D-Sub,115VAC 400Hz,TRUE,TRUE,TRUE,0.714,5,5.44,11.16,127.16,0.226,1
P4240,Wing Root,Normal,84,26,4,4,1.518,127.53,16,0.409,XL-ETFE,Foil,Heat Shrink,MIL-DTL-26482,28VDC,TRUE,TRUE,FALSE,3.155,13,6.9,20.74,727.92,0.242,0
P1111,Cockpit,Normal,76,17,4,2,1.137,86.44,20,0.856,Polyimide,Foil+Braid,Lacing Cord,MIL-DTL-38999,28VDC,TRUE,TRUE,FALSE,1.361,5,7.19,21.46,784.84,0.304,0
P3882,Cargo Bay,Vibration-Prone,75,26,3,5,1.85,138.78,18,0.779,XL-ETFE,None,Braided Sleeving,D-Sub,28VDC,TRUE,TRUE,FALSE,2.638,8,6.65,20.05,391.27,0.358,1
P3670,Cockpit,Normal,74,21,1,5,1.599,118.35,14,0.565,PTFE,None,Braided Sleeving,MIL-DTL-38999,28VDC,TRUE,TRUE,FALSE,3.836,20,5.86,17.08,1027.98,0.213,0
P8693,Avionics Bay,Normal,89,27,6,5,1.383,123.12,22,0.58,PTFE,Foil,Heat Shrink,MIL-DTL-38999,28VDC,TRUE,TRUE,FALSE,1.445,3,7.1,22.26,1200.71,0.248,1
P9102,Avionics Bay,Vibration-Prone,15,4,2,0,1.702,25.53,24,0.697,XL-ETFE,Foil,Braided Sleeving,MIL-DTL-26482,28VDC,TRUE,TRUE,FALSE,0.237,2,5.2,14.6,107.61,0.308,1
P5681,Cargo Bay,Normal,59,14,3,0,1.437,84.8,12,0.902,XL-ETFE,Foil,Heat Shrink,MIL-DTL-83723,28VDC,TRUE,TRUE,FALSE,3.848,25,6.05,15.8,597.77,0.217,0
P8810,Cockpit,Vibration-Prone,36,13,0,0,1.852,66.69,18,0.447,Polyimide,None,Heat Shrink,MIL-DTL-38999,28VDC,TRUE,TRUE,FALSE,1.188,8,5.47,11.81,597.88,0.342,0
P6267,Engine Nacelle,Normal,79,16,2,1,1.753,138.52,26,0.402,PVC,Foil,Braided Sleeving,Micro-D,28VDC,TRUE,TRUE,FALSE,0.927,1.2,6.31,14.05,525.39,0.245,1
P2987,Avionics Bay,Vibration-Prone,163,46,2,7,1.844,300.64,14,0.447,XL-ETFE,Braid,Lacing Cord,MIL-DTL-38999,28VDC,TRUE,TRUE,FALSE,9.994,20,8.24,29.01,2329.26,0.456,0
P4006,Engine Nacelle,High Temp,90,20,3,5,1.796,161.67,24,0.901,Polyimide,None,Lacing Cord,D-Sub,28VDC,TRUE,TRUE,FALSE,1.484,1.7,6.76,19.43,349.91,0.29,0
P8583,Cockpit,Moisture-Prone,62,21,3,5,1.635,101.36,18,0.393,PTFE,Braid,Spiral Wrap,MIL-DTL-38999,230VAC 50Hz,TRUE,FALSE,TRUE,1.875,8,7.17,19.38,980.47,0.249,0
P5016,Cargo Bay,Vibration-Prone,137,38,5,4,1.374,188.19,10,0.503,PTFE,None,Lacing Cord,MIL-DTL-38999,115VAC 400Hz,TRUE,TRUE,TRUE,10.357,30,7.24,20.63,1814.07,0.415,1
P7659,Avionics Bay,High Temp,90,19,3,8,1.245,112.08,14,0.75,XL-ETFE,Foil+Braid,Heat Shrink,Micro-D,115VAC 400Hz,TRUE,TRUE,TRUE,3.954,17,7.74,20.68,654.15,0.266,0
P5965,Cockpit,Normal,88,19,0,3,1.712,150.66,20,0.814,PTFE,Braid,Heat Shrink,MIL-DTL-83723,28VDC,TRUE,TRUE,FALSE,2.354,5,6.57,20.77,806.72,0.233,0
P9011,Cockpit,Normal,59,13,0,5,1.788,105.52,10,0.424,XL-ETFE,Foil+Braid,Heat Shrink,MIL-DTL-38999,28VDC,TRUE,TRUE,FALSE,6.001,30,6.49,14.35,728.42,0.228,1
P6152,Wing Root,Normal,105,23,3,3,2.217,232.79,14,0.316,Polyimide,Foil,Spiral Wrap,MIL-DTL-83723,28VDC,TRUE,TRUE,FALSE,7.534,20,7.06,20.33,1040.38,0.269,0
P4839,Wing Root,Normal,75,19,5,2,1.579,118.39,12,0.684,PTFE,Braid,Braided Sleeving,MIL-DTL-38999,28VDC,TRUE,TRUE,FALSE,5.155,25,6.86,20.06,1014.84,0.24,0
P7587,Avionics Bay,Normal,38,8,0,2,1.223,46.48,20,0.933,PTFE,Foil+Braid,Lacing Cord,MIL-DTL-83723,28VDC,TRUE,TRUE,FALSE,0.742,5,5.88,13.2,331.3,0.238,0
P9129,Cargo Bay,Normal,73,19,4,5,1.316,96.06,22,0.358,XL-ETFE,Foil+Braid,Heat Shrink,MIL-DTL-38999,230VAC 50Hz,TRUE,TRUE,TRUE,1.078,3,7.17,16.49,888.2,0.248,0
P6783,Avionics Bay,High Temp,47,16,2,0,1.677,78.81,18,0.424,PTFE,None,Braided Sleeving,MIL-DTL-38999,270VDC,TRUE,TRUE,TRUE,1.397,6.8,5.66,13.49,777.18,0.207,1
P9949,Cockpit,Normal,125,35,5,6,1.835,229.34,16,0.575,Polyimide,Braid,Braided Sleeving,MIL-DTL-38999,28VDC,TRUE,TRUE,FALSE,5.865,13,7.83,27.51,1730.64,0.295,1
P3614,Cargo Bay,Vibration-Prone,153,37,8,8,1.684,257.7,22,0.728,XL-ETFE,Foil+Braid,Lacing Cord,MIL-DTL-38999,28VDC,TRUE,FALSE,FALSE,3.112,3,8.68,28.8,1859.58,0.472,0
P5852,Wing Root,Moisture-Prone,86,25,1,4,1.765,151.8,24,1,PTFE,None,Lacing Cord,MIL-DTL-26482,28VDC,TRUE,TRUE,FALSE,1.419,2,6.32,17.79,615.47,0.252,0
P3064,Cargo Bay,Normal,28,7,1,2,1.513,42.37,20,0.541,PVC,Braid,Heat Shrink,MIL-DTL-38999,270VDC,TRUE,TRUE,TRUE,0.628,5,5.57,14.55,355.97,0.225,0
P1800,Cabin,High Temp,78,13,2,4,1.454,113.39,12,0.929,XL-ETFE,Braid,Braided Sleeving,MIL-DTL-83723,28VDC,TRUE,TRUE,FALSE,5.171,21.25,7.04,18.36,655.81,0.245,0
P7571,Cargo Bay,Normal,134,24,4,5,1.589,212.99,20,0.574,Polyimide,Foil+Braid,Spiral Wrap,Micro-D,28VDC,TRUE,TRUE,FALSE,3.178,5,7.83,22.6,865.38,0.293,0
P3500,Avionics Bay,Normal,145,28,6,8,1.398,202.74,20,0.5,PTFE,None,Lacing Cord,MIL-DTL-83723,28VDC,TRUE,TRUE,FALSE,2.838,5,6.81,20.5,1059.27,0.268,0
P7209,Cargo Bay,Moisture-Prone,66,15,2,2,1.892,124.88,22,0.526,XL-ETFE,Braid,Lacing Cord,MIL-DTL-38999,28VDC,TRUE,TRUE,FALSE,1.45,3,6.82,13.82,703.86,0.265,0
P4663,Cargo Bay,High Temp,65,18,3,0,1.353,87.96,14,0.38,XL-ETFE,Foil+Braid,Heat Shrink,MIL-DTL-83723,115VAC 400Hz,TRUE,TRUE,TRUE,2.884,17,7.09,16.24,768.72,0.245,0
P3482,Engine Nacelle,Moisture-Prone,81,25,2,1,1.728,139.93,18,0.596,PTFE,None,Heat Shrink,MIL-DTL-26482,28VDC,TRUE,TRUE,FALSE,2.567,8,6.19,17.81,636.08,0.222,0
P2979,Engine Nacelle,Normal,113,32,3,9,1.347,152.22,18,0.875,PTFE,Braid,Heat Shrink,Micro-D,28VDC,TRUE,FALSE,FALSE,3.093,8,7.5,23.6,997.17,0.26,0
P9479,Cockpit,Normal,84,18,2,2,1.679,141.03,22,0.475,PTFE,Braid,Lacing Cord,MIL-DTL-83723,28VDC,TRUE,TRUE,FALSE,1.621,3,6.7,17.7,747.06,0.263,0
P7176,Engine Nacelle,Normal,115,24,8,4,1.473,169.35,12,0.708,XL-ETFE,None,Spiral Wrap,MIL-DTL-26482,28VDC,TRUE,TRUE,FALSE,7.056,25,6.55,22.79,756.35,0.233,0
P7669,Wing Root,Normal,99,27,3,2,1.373,135.9,18,0.431,XL-ETFE,None,Heat Shrink,MIL-DTL-38999,28VDC,TRUE,TRUE,FALSE,2.412,8,6.16,20.61,1219.07,0.222,0
P6269,Wing Root,Vibration-Prone,78,14,4,1,0.774,60.37,24,0.802,PTFE,Braid,Lacing Cord,Micro-D,28VDC,TRUE,TRUE,FALSE,0.571,2,7.11,18.34,419.05,0.409,1
P7833,Avionics Bay,Normal,59,16,0,0,1.511,89.15,16,0.264,PTFE,Foil+Braid,Heat Shrink,MIL-DTL-26482,115VAC 400Hz,TRUE,TRUE,TRUE,2.14,13,6.24,14.74,445.84,0.222,0
P5992,Cockpit,Normal,109,26,6,6,1.337,145.76,14,0.384,PTFE,Foil,Braided Sleeving,Micro-D,28VDC,TRUE,TRUE,FALSE,4.784,20,7.23,22.23,880.35,0.251,0
P9032,Cabin,Vibration-Prone,141,27,9,6,1.659,233.97,12,0.533,Polyimide,Braid,Lacing Cord,MIL-DTL-38999,28VDC,TRUE,TRUE,FALSE,9.892,25,8.44,28.32,1423.6,0.493,1
P3339,Cabin,Moisture-Prone,94,18,4,0,1.73,162.6,24,0.393,XL-ETFE,Braid,Lacing Cord,MIL-DTL-83723,28VDC,TRUE,TRUE,FALSE,1.42,2,7.05,18.74,713.02,0.274,0
P9258,Cabin,Normal,61,19,2,1,1.132,69.07,18,0.57,XL-ETFE,Foil+Braid,Heat Shrink,MIL-DTL-38999,28VDC,TRUE,TRUE,FALSE,1.324,8,6.69,19.55,848.3,0.236,0
P1497,Avionics Bay,Vibration-Prone,75,17,3,3,0.787,59.04,22,0.883,PTFE,Foil,Braided Sleeving,Micro-D,28VDC,TRUE,TRUE,FALSE,0.734,3,7.03,16.4,508.99,0.37,1
P8979,Cockpit,High Temp,96,27,4,5,0.623,59.78,20,0.599,XL-ETFE,Foil,Heat Shrink,MIL-DTL-38999,28VDC,TRUE,FALSE,FALSE,0.896,4.25,7.46,18.18,1137.58,0.256,0
P6776,Cargo Bay,Normal,118,29,3,7,1.387,163.65,18,0.436,PTFE,None,Heat Shrink,MIL-DTL-38999,28VDC,TRUE,TRUE,FALSE,2.908,8,6.52,21.35,1291.94,0.232,0
P3155,Engine Nacelle,Normal,90,32,5,3,1.765,158.87,12,0.592,XL-ETFE,Braid,Lacing Cord,MIL-DTL-26482,115VAC 400Hz,TRUE,FALSE,FALSE,6.795,25,7.27,25.68,911.01,0.283,0
P4331,Cabin,Moisture-Prone,114,25,4,5,2.016,229.82,20,0.459,Polyimide,None,Spiral Wrap,D-Sub,28VDC,TRUE,TRUE,FALSE,3.191,5,6.97,21.11,475.98,0.267,0
P6717,Avionics Bay,Normal,62,9,0,1,1.248,77.38,12,0.565,PTFE,Foil,Braided Sleeving,MIL-DTL-26482,230VAC 50Hz,TRUE,TRUE,TRUE,3.292,25,5.67,16.84,295.45,0.208,0
P7587,Wing Root,High Temp,95,21,2,6,2.358,224.03,16,0.57,XL-ETFE,None,Spiral Wrap,MIL-DTL-26482,28VDC,TRUE,TRUE,FALSE,5.452,11.05,6.56,16.28,675.94,0.231,0
P8436,Cabin,Normal,69,14,2,3,1.698,117.17,22,0.351,XL-ETFE,Braid,Lacing Cord,MIL-DTL-26482,28VDC,TRUE,TRUE,FALSE,1.313,3,6.54,14.98,383.66,0.257,1
P2310,Avionics Bay,High Temp,10,4,2,2,1.887,18.87,22,0.428,XL-ETFE,None,Braided Sleeving,MIL-DTL-38999,28VDC,TRUE,TRUE,FALSE,0.205,2.55,4.42,9.82,177.27,0.177,0
P2794,Cabin,Moisture-Prone,67,13,2,5,2.062,138.15,26,0.639,PTFE,None,Lacing Cord,MIL-DTL-38999,28VDC,TRUE,TRUE,FALSE,0.923,1.2,6.02,15.46,693.53,0.243,0
P7407,Engine Nacelle,High Temp,98,25,3,8,1.213,118.86,20,0.498,PTFE,None,Braided Sleeving,MIL-DTL-26482,28VDC,TRUE,TRUE,FALSE,1.663,4.25,6.8,17.37,667.46,0.238,0
P9983,Cockpit,Normal,49,9,0,2,1.318,64.57,20,0.548,XL-ETFE,Foil,Heat Shrink,MIL-DTL-26482,115VAC 400Hz,TRUE,TRUE,FALSE,0.958,5,5.62,12.76,273.51,0.206,0
P1623,Cockpit,Normal,78,19,5,3,2.332,181.93,18,0.734,PTFE,Foil,Heat Shrink,MIL-DTL-38999,28VDC,TRUE,TRUE,FALSE,3.599,8,6.72,19.78,951.6,0.236,0
P5583,Cockpit,Normal,98,18,2,5,2.017,197.64,12,0.51,XL-ETFE,Braid,Braided Sleeving,MIL-DTL-83723,28VDC,TRUE,TRUE,FALSE,8.318,25,6.94,18.73,898.9,0.242,0
P2358,Cargo Bay,Normal,28,4,3,0,1.556,43.57,24,0.627,XL-ETFE,None,Lacing Cord,MIL-DTL-38999,270VDC,TRUE,TRUE,TRUE,0.38,2,4.43,11.73,203.44,0.201,0
P7409,Avionics Bay,Normal,97,24,3,8,1.371,132.96,16,0.275,XL-ETFE,Foil,Lacing Cord,Micro-D,28VDC,TRUE,TRUE,FALSE,3.199,13,7.02,19.21,745.86,0.273,0
P8014,Cabin,Normal,96,23,8,7,1.668,160.16,20,0.528,PTFE,None,Braided Sleeving,MIL-DTL-38999,28VDC,TRUE,TRUE,FALSE,2.255,5,6.54,19.17,1048.44,0.231,0
P6848,Cabin,Normal,82,19,3,0,1.073,87.98,22,0.662,XL-ETFE,Foil+Braid,Heat Shrink,MIL-DTL-26482,28VDC,TRUE,TRUE,FALSE,1.049,3,6.82,16.8,479.88,0.238,0
P3925,Cockpit,Normal,54,9,5,5,1.869,100.93,16,0.364,XL-ETFE,None,Spiral Wrap,MIL-DTL-83723,115VAC 400Hz,TRUE,TRUE,TRUE,2.357,13,5.6,16.38,435.35,0.206,0
P4805,Engine Nacelle,Normal,76,12,1,4,1.389,105.54,24,0.527,PTFE,Foil+Braid,Heat Shrink,MIL-DTL-38999,28VDC,TRUE,TRUE,FALSE,0.947,2,6.7,15.82,608.63,0.234,0
P4878,Cockpit,Normal,94,15,3,5,1.505,141.48,22,0.666,PTFE,Braid,Heat Shrink,MIL-DTL-38999,28VDC,TRUE,TRUE,FALSE,1.688,3,6.91,17.26,788.87,0.241,0
P2853,Cargo Bay,Moisture-Prone,75,15,3,3,1.974,148.02,22,0.687,XL-ETFE,Braid,Heat Shrink,MIL-DTL-83723,28VDC,TRUE,TRUE,FALSE,1.774,3,7.03,22.22,660.09,0.246,0
P2359,Cockpit,High Temp,32,8,2,0,1.101,35.24,16,0.274,XL-ETFE,Braid,Lacing Cord,MIL-DTL-26482,115VAC 400Hz,TRUE,TRUE,FALSE,0.848,11.05,6.03,10.35,219.18,0.241,0
P7381,Avionics Bay,Normal,76,17,2,4,1.638,124.52,22,0.64,PTFE,Foil,Lacing Cord,MIL-DTL-83723,28VDC,TRUE,FALSE,FALSE,1.479,3,6.51,16.41,682.97,0.257,0
P3106,Engine Nacelle,Vibration-Prone,63,14,5,2,1.324,83.43,26,0.463,PVC,Foil+Braid,Heat Shrink,MIL-DTL-38999,28VDC,TRUE,TRUE,FALSE,0.565,1.2,7.35,19.75,668.5,0.411,0
P3348,Engine Nacelle,Vibration-Prone,68,22,5,2,1.487,101.13,26,0.474,PTFE,Braid,Lacing Cord,MIL-DTL-38999,28VDC,TRUE,TRUE,FALSE,0.687,1.2,7.38,19.47,977.86,0.42,1
P9576,Avionics Bay,Normal,79,25,3,3,1.671,132.02,22,0.441,XL-ETFE,Braid,Heat Shrink,Micro-D,230VAC 50Hz,TRUE,TRUE,FALSE,1.507,3,6.96,22.8,763.22,0.244,0
P9425,Avionics Bay,Normal,54,14,1,1,1.946,105.1,16,0.816,XL-ETFE,Braid,Heat Shrink,Micro-D,230VAC 50Hz,TRUE,FALSE,TRUE,2.816,13,6.16,15.08,514.39,0.22,1
P4749,Engine Nacelle,Normal,113,26,6,5,1.54,174.02,26,0.564,Polyimide,Foil,Braided Sleeving,D-Sub,28VDC,TRUE,TRUE,FALSE,1.203,1.2,7.42,20.71,410.28,0.28,0
P3963,Engine Nacelle,Normal,120,30,5,6,1.393,167.21,18,0.74,PTFE,None,Spiral Wrap,MIL-DTL-38999,28VDC,TRUE,TRUE,FALSE,3.154,8,6.63,26.28,1393.78,0.236,1
P8219,Avionics Bay,Normal,60,10,2,0,2.046,122.78,22,0.729,XL-ETFE,Foil,Lacing Cord,MIL-DTL-38999,28VDC,TRUE,TRUE,FALSE,1.483,3,5.83,16.68,560.57,0.238,0
P9406,Avionics Bay,Moisture-Prone,69,21,3,2,1.623,112,18,0.85,PVC,None,Heat Shrink,MIL-DTL-38999,230VAC 50Hz,TRUE,TRUE,TRUE,2.157,8,6.18,17.5,997.73,0.243,0
P9829,Wing Root,Normal,62,16,0,2,1.73,107.27,18,0.836,Polyimide,None,Spiral Wrap,MIL-DTL-26482,28VDC,TRUE,TRUE,FALSE,2.06,8,5.55,13.3,486.15,0.224,1
P6985,Wing Root,High Temp,76,17,3,4,1.394,105.92,14,0.651,PTFE,None,Spiral Wrap,MIL-DTL-26482,28VDC,TRUE,TRUE,FALSE,3.492,17,6.33,12.81,518.09,0.224,0
P6643,Avionics Bay,Moisture-Prone,36,10,4,1,1.666,59.97,16,0.645,PTFE,None,Lacing Cord,MIL-DTL-38999,28VDC,TRUE,TRUE,FALSE,1.481,13,5.47,12.41,483.3,0.227,0
P1390,Cabin,High Temp,66,13,1,3,1.518,100.17,10,0.479,PTFE,None,Lacing Cord,D-Sub,28VDC,TRUE,TRUE,FALSE,5.486,25.5,5.9,12.15,301.87,0.239,1
P2080,Cabin,High Temp,77,17,3,4,2.246,172.92,22,0.178,Polyimide,None,Spiral Wrap,MIL-DTL-38999,115VAC 400Hz,TRUE,TRUE,TRUE,1.779,2.55,6.55,16.01,834.25,0.252,1
P4667,Cockpit,Vibration-Prone,74,22,1,1,1.613,119.37,26,0.523,XL-ETFE,Foil,Spiral Wrap,MIL-DTL-26482,115VAC 400Hz,TRUE,TRUE,FALSE,0.819,1.2,6.82,19.48,582.43,0.364,0
P8875,Avionics Bay,Vibration-Prone,96,21,5,1,1.109,106.48,20,0.681,XL-ETFE,None,Braided Sleeving,MIL-DTL-38999,270VDC,TRUE,TRUE,TRUE,1.545,5,6.57,22.69,916.17,0.357,0
P4801,Wing Root,Normal,84,17,1,7,1.412,118.61,18,0.664,XL-ETFE,None,Lacing Cord,Micro-D,115VAC 400Hz,TRUE,TRUE,TRUE,2.205,8,5.9,22.11,600.81,0.242,1
P7798,Cockpit,Moisture-Prone,86,19,5,3,1.796,154.43,22,0.794,PTFE,Braid,Braided Sleeving,MIL-DTL-26482,230VAC 50Hz,TRUE,TRUE,FALSE,1.889,3,7.33,19.66,557.11,0.253,0
P5624,Cabin,Vibration-Prone,95,23,6,6,1.857,176.39,18,0.523,XL-ETFE,None,Lacing Cord,MIL-DTL-38999,28VDC,TRUE,TRUE,FALSE,3.19,8,6.93,21.14,1126.03,0.404,0
P8864,Avionics Bay,Normal,89,21,3,3,1.562,139.04,20,0.636,XL-ETFE,Braid,Heat Shrink,Micro-D,28VDC,TRUE,TRUE,FALSE,2.1,5,6.94,18.51,741.75,0.242,1
P6177,Cargo Bay,Vibration-Prone,72,14,2,4,1.558,112.2,22,0.858,PTFE,None,Spiral Wrap,MIL-DTL-38999,230VAC 50Hz,TRUE,TRUE,TRUE,1.322,3,6.22,13.61,662.9,0.341,1
P8476,Cabin,Normal,26,6,3,0,1.808,47,24,0.832,PTFE,Braid,Braided Sleeving,MIL-DTL-83723,115VAC 400Hz,TRUE,TRUE,TRUE,0.447,2,5.45,13.08,241.46,0.202,0
P6129,Avionics Bay,Normal,94,26,5,6,1.345,126.43,20,0.759,XL-ETFE,None,Lacing Cord,Micro-D,115VAC 400Hz,TRUE,TRUE,FALSE,1.862,5,6.43,19.3,802.9,0.256,0
P4672,Cargo Bay,Moisture-Prone,59,20,2,2,2.091,123.35,18,0.69,PTFE,Braid,Braided Sleeving,MIL-DTL-38999,115VAC 400Hz,TRUE,TRUE,TRUE,2.42,8,6.89,18.77,924.19,0.241,0
P8661,Avionics Bay,Normal,119,30,3,4,1.509,179.61,22,0.73,XL-ETFE,Braid,Lacing Cord,MIL-DTL-38999,28VDC,TRUE,TRUE,FALSE,2.17,3,7.32,21.38,1390.84,0.283,0
P9887,Cabin,Normal,147,35,6,7,0.629,92.42,20,0.775,PTFE,None,Spiral Wrap,MIL-DTL-83723,28VDC,TRUE,TRUE,FALSE,1.365,5,6.9,25.08,1289.64,0.243,1
P7117,Avionics Bay,Normal,68,21,0,4,1.377,93.64,18,0.148,PTFE,Braid,Braided Sleeving,MIL-DTL-26482,115VAC 400Hz,TRUE,TRUE,TRUE,1.645,8,6.53,19.37,570.7,0.231,0
P8087,Cockpit,Normal,93,27,0,5,1.389,129.21,22,0.383,XL-ETFE,Foil,Braided Sleeving,Micro-D,230VAC 50Hz,TRUE,TRUE,TRUE,1.458,3,6.64,16.44,795.89,0.233,1
P8066,Wing Root,Normal,88,19,3,2,1.718,151.21,24,0.822,Polyimide,Braid,Heat Shrink,MIL-DTL-38999,28VDC,TRUE,TRUE,FALSE,1.436,2,7.04,20.75,866.19,0.268,0
P1063,Cabin,Moisture-Prone,101,24,4,10,1.415,142.96,18,0.711,XL-ETFE,Foil+Braid,Lacing Cord,Micro-D,28VDC,TRUE,TRUE,FALSE,2.816,8,7.95,20.77,813.98,0.302,0
P7532,Cockpit,Normal,72,21,3,7,1.18,84.98,26,0.737,Polyimide,Braid,Lacing Cord,MIL-DTL-83723,28VDC,TRUE,TRUE,FALSE,0.607,1.2,7.2,19.88,765.62,0.304,0
P3349,Cockpit,Vibration-Prone,63,16,0,0,1.087,68.51,24,0.45,Polyimide,Braid,Braided Sleeving,D-Sub,270VDC,TRUE,FALSE,TRUE,0.605,2,6.76,17.27,205.73,0.389,1
P7279,Cabin,Vibration-Prone,104,27,6,4,1.215,126.35,18,0.564,PTFE,Braid,Lacing Cord,D-Sub,28VDC,TRUE,TRUE,FALSE,2.418,8,7.87,28.82,438.46,0.442,0
P2144,Engine Nacelle,Moisture-Prone,27,10,2,2,1.731,46.74,16,0.1,PTFE,Foil,Braided Sleeving,MIL-DTL-83723,28VDC,TRUE,TRUE,FALSE,1.084,13,5.92,11.69,374.49,0.213,1
P5407,Cabin,High Temp,73,18,5,6,2.293,167.42,18,0.476,XL-ETFE,Braid,Lacing Cord,MIL-DTL-38999,28VDC,TRUE,TRUE,FALSE,3.149,6.8,7.43,21.19,935.13,0.286,0
P5290,Engine Nacelle,High Temp,50,16,2,5,1.131,56.53,18,0.718,Polyimide,None,Braided Sleeving,MIL-DTL-38999,28VDC,TRUE,TRUE,FALSE,1.062,6.8,6.25,14.31,749.08,0.243,1
P5816,Cockpit,Normal,74,23,2,4,0.918,67.95,18,0.811,XL-ETFE,Foil+Braid,Braided Sleeving,MIL-DTL-38999,230VAC 50Hz,TRUE,TRUE,TRUE,1.364,8,7.08,20.27,951.71,0.247,0
P2362,Cargo Bay,Normal,47,8,3,1,1.517,71.29,20,0.871,XL-ETFE,None,Lacing Cord,MIL-DTL-83723,115VAC 400Hz,TRUE,TRUE,TRUE,1.072,5,5.12,13.49,325.75,0.218,0
P7255,Cabin,Vibration-Prone,80,27,0,5,1.4,111.98,18,0.582,PTFE,Foil,Heat Shrink,MIL-DTL-38999,28VDC,TRUE,TRUE,FALSE,2.151,8,7.06,16.88,1234.19,0.371,0
P8506,Cockpit,Normal,114,30,6,5,1.79,204.07,22,0.539,PTFE,None,Heat Shrink,MIL-DTL-26482,230VAC 50Hz,TRUE,TRUE,TRUE,2.262,3,6.61,21.22,791.85,0.234,0
P2902,Engine Nacelle,Vibration-Prone,106,29,4,6,1.382,146.44,22,0.317,PTFE,None,Lacing Cord,MIL-DTL-26482,28VDC,TRUE,TRUE,FALSE,1.552,3,7,22.54,745.9,0.407,1
P3906,Cockpit,Moisture-Prone,95,25,5,7,1.902,180.65,22,0.65,XL-ETFE,None,Spiral Wrap,MIL-DTL-38999,28VDC,TRUE,TRUE,FALSE,2.047,3,6.78,22.55,1134.33,0.239,0
P6652,Engine Nacelle,Normal,61,18,0,3,1.471,89.76,14,0.592,XL-ETFE,None,Lacing Cord,MIL-DTL-26482,28VDC,TRUE,TRUE,FALSE,2.925,20,5.45,13.6,518.44,0.227,0
P2057,Cockpit,Normal,69,16,0,7,1.445,99.71,22,0.551,XL-ETFE,Braid,Lacing Cord,MIL-DTL-38999,115VAC 400Hz,TRUE,TRUE,TRUE,1.163,3,6.52,15.51,786.64,0.257,0
P2517,Cockpit,High Temp,109,27,6,7,1.562,170.28,20,0.664,PTFE,Foil,Lacing Cord,D-Sub,115VAC 400Hz,TRUE,TRUE,TRUE,2.585,4.25,7.7,21.49,450.11,0.295,1
P9254,Cockpit,Normal,60,12,2,4,1.847,110.84,20,0.455,PVC,Braid,Lacing Cord,Micro-D,115VAC 400Hz,TRUE,TRUE,TRUE,1.615,5,6.44,13.6,479.52,0.278,0
P4754,Engine Nacelle,Normal,95,24,3,4,1.824,173.29,14,0.856,XL-ETFE,None,Lacing Cord,MIL-DTL-26482,28VDC,TRUE,TRUE,FALSE,5.941,20,6.2,17,748.53,0.249,0
P4490,Engine Nacelle,Normal,110,26,4,3,1.435,157.89,22,0.1,XL-ETFE,None,Heat Shrink,D-Sub,28VDC,TRUE,TRUE,FALSE,1.598,3,6.33,17.54,376.97,0.225,0
P1948,Cockpit,Normal,113,27,4,4,1.055,119.25,18,0.356,XL-ETFE,None,Lacing Cord,D-Sub,28VDC,TRUE,TRUE,FALSE,2.085,8,6.41,20.6,391.51,0.256,1
P2329,Cargo Bay,High Temp,99,24,2,5,1.483,146.86,18,0.798,PTFE,Foil+Braid,Heat Shrink,MIL-DTL-83723,115VAC 400Hz,TRUE,TRUE,TRUE,2.941,6.8,7.73,21.6,999.82,0.265,1
P6274,Avionics Bay,Normal,43,12,1,2,1.369,58.86,24,0.468,PTFE,Braid,Braided Sleeving,D-Sub,115VAC 400Hz,TRUE,TRUE,FALSE,0.522,2,6.04,16.98,162.47,0.218,0
P4629,Engine Nacelle,Normal,75,22,3,1,1.514,113.53,16,0.654,PTFE,Foil,Heat Shrink,Micro-D,115VAC 400Hz,TRUE,FALSE,TRUE,2.949,13,6.5,19.01,659.73,0.23,0
P3401,Cockpit,Normal,60,22,0,3,1.445,86.72,20,0.458,PTFE,Foil,Heat Shrink,MIL-DTL-38999,28VDC,TRUE,TRUE,FALSE,1.264,5,6.2,20,952.66,0.223,0
P8163,Cockpit,Normal,106,18,5,4,0.838,88.81,24,0.257,Polyimide,Braid,Braided Sleeving,MIL-DTL-38999,115VAC 400Hz,TRUE,TRUE,FALSE,0.754,2,7.35,20.49,803.89,0.278,0
P2828,Cargo Bay,Normal,48,11,3,3,1.791,85.98,16,0.404,XL-ETFE,Foil,Braided Sleeving,MIL-DTL-26482,115VAC 400Hz,TRUE,TRUE,TRUE,2.125,13,6.08,14.39,350.86,0.218,1
P2927,Avionics Bay,Vibration-Prone,45,12,1,2,1.147,51.61,18,0.665,PTFE,Foil,Heat Shrink,MIL-DTL-38999,115VAC 400Hz,TRUE,TRUE,TRUE,1.008,8,6.35,13.04,555.8,0.345,1
P7420,Avionics Bay,Normal,78,19,4,5,1.773,138.29,20,0.864,XL-ETFE,Braid,Lacing Cord,D-Sub,115VAC 400Hz,TRUE,TRUE,TRUE,2.181,5,6.98,19.55,370.39,0.272,1
P3256,Cabin,Normal,102,28,3,6,0.691,70.45,16,0.621,PTFE,None,Braided Sleeving,MIL-DTL-83723,115VAC 400Hz,TRUE,FALSE,TRUE,1.732,13,6.39,22.96,1004.42,0.229,1
P3480,Cargo Bay,High Temp,87,29,2,4,1.735,150.91,18,0.734,Polyimide,Braid,Heat Shrink,Micro-D,28VDC,TRUE,TRUE,FALSE,2.986,6.8,7.69,21.08,906.05,0.288,0
P8263,Engine Nacelle,Vibration-Prone,48,18,4,4,1.425,68.4,22,0.687,XL-ETFE,Braid,Spiral Wrap,MIL-DTL-38999,28VDC,TRUE,TRUE,FALSE,0.82,3,7.15,17.18,834.65,0.374,0
P5314,Wing Root,Vibration-Prone,149,33,3,5,1.698,253.01,20,0.244,PTFE,Foil,Lacing Cord,MIL-DTL-83723,28VDC,TRUE,TRUE,FALSE,3.529,5,7.82,25.27,1320.85,0.439,0
P5135,Cargo Bay,Normal,80,19,0,4,1.398,111.82,18,0.79,PTFE,Foil,Braided Sleeving,Micro-D,115VAC 400Hz,TRUE,TRUE,TRUE,2.236,8,6.35,14.59,600.22,0.225,0
P4390,Wing Root,Normal,141,34,9,9,1.405,198.04,14,0.92,PTFE,Foil,Lacing Cord,D-Sub,28VDC,TRUE,TRUE,FALSE,7.214,20,7.7,24.53,607.1,0.296,0
P5934,Cockpit,Moisture-Prone,65,9,4,3,1.222,79.41,20,0.573,PTFE,None,Lacing Cord,MIL-DTL-83723,115VAC 400Hz,TRUE,TRUE,TRUE,1.128,5,5.89,15.21,341.51,0.239,1
P4879,Avionics Bay,Moisture-Prone,86,20,0,5,1.48,127.24,22,0.306,XL-ETFE,None,Braided Sleeving,MIL-DTL-38999,115VAC 400Hz,TRUE,TRUE,TRUE,1.345,3,6.12,17.83,907.86,0.22,0
P1149,Cockpit,High Temp,91,19,5,8,2.535,230.73,18,0.738,PVC,Braid,Spiral Wrap,MIL-DTL-38999,115VAC 400Hz,TRUE,TRUE,TRUE,4.568,6.8,7.64,20.95,986.35,0.287,0
P2545,Wing Root,Moisture-Prone,99,25,6,5,1.791,177.36,18,0.631,PTFE,Braid,Braided Sleeving,Micro-D,270VDC,TRUE,TRUE,TRUE,3.44,8,7.68,25.35,860.93,0.266,1
P3032,Wing Root,Normal,122,28,2,5,1.526,186.22,18,0.701,XL-ETFE,Foil+Braid,Heat Shrink,MIL-DTL-38999,28VDC,TRUE,TRUE,FALSE,3.661,8,7.49,23.86,1345.93,0.26,0
P6248,Wing Root,Moisture-Prone,97,17,8,1,1.663,161.27,24,0.57,XL-ETFE,None,Lacing Cord,MIL-DTL-26482,28VDC,TRUE,FALSE,FALSE,1.39,2,6.43,22.5,523.08,0.257,1
P3655,Avionics Bay,High Temp,91,26,2,3,1.679,152.81,12,0.193,PVC,None,Spiral Wrap,MIL-DTL-38999,230VAC 50Hz,TRUE,TRUE,TRUE,5.737,21.25,6.5,17.15,1303.55,0.252,0
P1856,Engine Nacelle,High Temp,111,32,6,2,1.012,112.35,18,0.951,PTFE,None,Heat Shrink,Micro-D,28VDC,TRUE,TRUE,FALSE,2.205,6.8,6.89,22.8,953.54,0.242,1
P4338,Wing Root,High Temp,87,28,4,5,2.07,180.07,26,0.703,PTFE,Braid,Lacing Cord,Micro-D,115VAC 400Hz,TRUE,TRUE,TRUE,1.279,1.02,7.65,23.94,879.87,0.294,0
P9412,Engine Nacelle,Normal,89,17,4,4,1.679,149.43,20,0.623,PVC,None,Lacing Cord,MIL-DTL-83723,28VDC,TRUE,TRUE,FALSE,2.143,5,6.06,19.37,730.22,0.269,0
P1848,Wing Root,Normal,49,11,2,2,1.748,85.63,12,0.602,PTFE,None,Heat Shrink,MIL-DTL-83723,28VDC,TRUE,TRUE,FALSE,3.495,25,5.28,13.21,481.84,0.198,0
P8247,Cargo Bay,Normal,47,11,1,0,1.687,79.3,16,0.628,XL-ETFE,None,Braided Sleeving,MIL-DTL-38999,28VDC,TRUE,TRUE,FALSE,1.952,13,4.96,9.14,533.03,0.189,0
P4086,Cabin,High Temp,70,12,0,1,1.642,114.95,22,0.716,XL-ETFE,Foil,Heat Shrink,Micro-D,28VDC,TRUE,TRUE,FALSE,1.385,2.55,6.29,16.76,417.97,0.224,0
P9972,Wing Root,High Temp,124,33,4,5,1.299,161.11,24,0.568,XL-ETFE,None,Braided Sleeving,Micro-D,28VDC,TRUE,TRUE,FALSE,1.388,1.7,7.02,22.53,1008.78,0.246,0
P9551,Cabin,Normal,103,28,5,10,1.295,133.44,22,0.564,XL-ETFE,None,Heat Shrink,MIL-DTL-26482,230VAC 50Hz,TRUE,TRUE,FALSE,1.486,3,6.63,23.93,704.02,0.235,1
P9561,Engine Nacelle,Moisture-Prone,69,16,1,1,0.844,58.23,14,0.443,XL-ETFE,Foil+Braid,Lacing Cord,MIL-DTL-26482,115VAC 400Hz,TRUE,TRUE,TRUE,1.934,20,6.92,19.61,396.12,0.27,1
P1166,Cabin,Normal,74,22,3,8,1.922,142.24,22,0.593,XL-ETFE,None,Heat Shrink,Micro-D,28VDC,TRUE,TRUE,FALSE,1.594,3,6.16,16.02,748.83,0.22,1
P4384,Avionics Bay,Moisture-Prone,75,27,4,4,1.786,133.93,10,0.83,PTFE,Braid,Braided Sleeving,D-Sub,270VDC,TRUE,TRUE,TRUE,8.245,30,7.42,19.53,532.77,0.256,0
P7881,Wing Root,Vibration-Prone,80,27,4,2,2.008,160.64,18,0.707,Polyimide,None,Lacing Cord,MIL-DTL-38999,28VDC,TRUE,TRUE,FALSE,3.011,8,6.82,21.65,1258.88,0.43,0
P6303,Engine Nacelle,High Temp,71,11,1,3,1.828,129.78,16,0.352,XL-ETFE,Foil,Heat Shrink,MIL-DTL-83723,28VDC,TRUE,TRUE,FALSE,3.173,11.05,6.54,14.06,497.89,0.23,0
P7370,Engine Nacelle,Normal,90,20,2,6,1.917,172.52,22,0.65,XL-ETFE,Braid,Lacing Cord,D-Sub,115VAC 400Hz,TRUE,TRUE,TRUE,2.053,3,6.98,15.78,381.62,0.271,0
P8298,Cabin,High Temp,55,24,2,5,1.851,101.79,22,0.434,PTFE,None,Spiral Wrap,MIL-DTL-83723,28VDC,TRUE,TRUE,FALSE,1.105,2.55,6.28,19.32,870.96,0.225,0
P9657,Avionics Bay,High Temp,23,4,2,3,1.521,34.99,26,0.421,XL-ETFE,Foil,Heat Shrink,MIL-DTL-38999,28VDC,TRUE,TRUE,FALSE,0.235,1.02,5.6,9.89,215.63,0.204,0
P3389,Avionics Bay,Normal,44,7,5,1,1.853,81.55,14,0.584,PTFE,Braid,Heat Shrink,MIL-DTL-26482,270VDC,TRUE,TRUE,TRUE,2.786,20,6.04,16,285.77,0.217,0
P2825,Cabin,Vibration-Prone,86,24,4,5,2.002,172.18,22,0.699,PTFE,None,Heat Shrink,MIL-DTL-83723,28VDC,TRUE,TRUE,FALSE,1.97,3,6.75,20.74,913.66,0.362,0
P3866,Avionics Bay,Normal,66,18,4,2,1.206,79.6,16,0.498,PTFE,None,Heat Shrink,MIL-DTL-38999,28VDC,TRUE,TRUE,FALSE,1.91,13,5.81,17.67,867.64,0.212,0
P5849,Engine Nacelle,High Temp,76,14,0,5,1.666,126.58,24,0.666,PTFE,Braid,Lacing Cord,MIL-DTL-38999,270VDC,TRUE,TRUE,TRUE,1.167,1.7,6.86,18.44,696.83,0.268,0
P8905,Cabin,Vibration-Prone,105,30,5,4,1.676,175.97,18,0.193,XL-ETFE,Foil+Braid,Braided Sleeving,Micro-D,28VDC,TRUE,TRUE,FALSE,3.121,8,8.1,24.46,990.72,0.412,0
P6547,Engine Nacelle,Normal,95,20,2,4,1.804,171.38,18,0.751,Polyimide,Foil,Lacing Cord,MIL-DTL-83723,28VDC,TRUE,FALSE,FALSE,3.402,8,6.92,21.72,874.05,0.295,0
P4415,Cockpit,Normal,84,20,3,4,1.893,159.04,14,0.58,XL-ETFE,None,Lacing Cord,MIL-DTL-38999,270VDC,TRUE,TRUE,TRUE,5.17,20,6.04,20.44,992.48,0.246,1
P1787,Cabin,Moisture-Prone,51,7,0,1,1.293,65.95,12,0.591,XL-ETFE,None,Lacing Cord,MIL-DTL-83723,28VDC,TRUE,TRUE,FALSE,2.686,25,5.12,10.46,322.46,0.217,0
P1597,Cabin,High Temp,75,15,2,5,1.274,95.52,10,0.757,Polyimide,Foil,Lacing Cord,MIL-DTL-38999,28VDC,TRUE,TRUE,FALSE,5.8,25.5,7.12,17.27,809.67,0.3,1
P8716,Cockpit,Moisture-Prone,90,19,0,2,2.175,195.78,10,0.667,PVC,Braid,Heat Shrink,Micro-D,28VDC,TRUE,TRUE,FALSE,11.683,30,6.86,19.23,831.83,0.262,0
P9497,Cargo Bay,High Temp,108,31,5,5,1.436,155.1,20,0.911,XL-ETFE,None,Heat Shrink,MIL-DTL-38999,28VDC,TRUE,TRUE,FALSE,2.35,4.25,6.97,26.05,1457,0.246,0
P3921,Cabin,High Temp,109,20,3,6,1.306,142.35,22,0.988,PTFE,None,Heat Shrink,MIL-DTL-26482,115VAC 400Hz,TRUE,TRUE,TRUE,1.719,2.55,6.69,16.13,537.39,0.234,0
P8428,Wing Root,Normal,55,17,0,1,2.045,112.5,14,0.509,Polyimide,Braid,Lacing Cord,MIL-DTL-38999,28VDC,TRUE,TRUE,FALSE,3.787,20,6.33,14.69,802.19,0.275,0
P5289,Cockpit,Normal,63,20,0,4,1.4,88.2,20,0.618,XL-ETFE,Foil,Lacing Cord,MIL-DTL-83723,28VDC,TRUE,TRUE,FALSE,1.327,5,6.24,16.75,744.33,0.25,0
P2623,Cockpit,Normal,50,11,0,2,1.199,59.93,16,0.51,XL-ETFE,Foil+Braid,Braided Sleeving,MIL-DTL-83723,28VDC,TRUE,TRUE,FALSE,1.513,13,6.17,13.68,430,0.22,1
P7763,Engine Nacelle,Moisture-Prone,10,10,0,0,1.624,16.24,22,0.748,Polyimide,None,Lacing Cord,MIL-DTL-38999,28VDC,TRUE,TRUE,FALSE,0.187,3,4.5,8.57,410.54,0.221,1
P5062,Avionics Bay,Moisture-Prone,109,27,0,2,1.261,137.45,26,0.893,XL-ETFE,Foil+Braid,Lacing Cord,MIL-DTL-38999,28VDC,TRUE,TRUE,FALSE,1.012,1.2,7.35,18.03,1184.43,0.283,0
P8731,Cabin,High Temp,89,14,2,5,2.074,184.55,24,0.618,PVC,None,Spiral Wrap,MIL-DTL-38999,28VDC,TRUE,TRUE,FALSE,1.606,1.7,6.3,21.42,725.32,0.247,0
P9588,Cargo Bay,Vibration-Prone,114,33,0,5,1.504,171.51,22,0.424,PVC,None,Braided Sleeving,MIL-DTL-38999,115VAC 400Hz,TRUE,FALSE,TRUE,1.858,3,6.68,22.17,1458.68,0.388,0
P3734,Engine Nacelle,Vibration-Prone,80,16,2,4,1.604,128.28,18,0.951,XL-ETFE,Braid,Lacing Cord,MIL-DTL-38999,115VAC 400Hz,TRUE,TRUE,TRUE,2.643,8,7.24,15.73,834.09,0.413,1
P6704,Cockpit,High Temp,77,21,4,3,2.07,159.43,14,0.343,PTFE,None,Braided Sleeving,MIL-DTL-38999,28VDC,TRUE,TRUE,FALSE,4.942,17,6.45,17.56,1040.97,0.228,0
P2809,Avionics Bay,Normal,119,22,5,5,1.299,154.55,26,0.541,Polyimide,None,Heat Shrink,MIL-DTL-38999,270VDC,TRUE,TRUE,TRUE,1.013,1.2,6.65,22.98,997.96,0.258,0
P7029,Cargo Bay,Normal,79,19,4,5,1.607,126.97,20,0.383,PTFE,Braid,Lacing Cord,MIL-DTL-26482,115VAC 400Hz,TRUE,TRUE,TRUE,1.823,5,6.99,23.02,537.71,0.274,0
P6022,Avionics Bay,Normal,119,29,5,4,1.771,210.72,24,0.469,PTFE,None,Braided Sleeving,MIL-DTL-38999,28VDC,TRUE,TRUE,FALSE,1.78,2,6.53,23.27,1329.03,0.233,1
P2702,Wing Root,Moisture-Prone,73,21,7,3,2.592,189.24,16,0.501,PTFE,Braid,Braided Sleeving,MIL-DTL-26482,28VDC,TRUE,TRUE,FALSE,4.769,13,7.38,20.15,635.58,0.255,0
P7125,Cockpit,Normal,70,21,1,1,0.869,60.81,14,0.923,XL-ETFE,Braid,Braided Sleeving,MIL-DTL-38999,28VDC,TRUE,TRUE,FALSE,2.216,20,6.49,16.27,954.77,0.229,1
P8186,Cargo Bay,Vibration-Prone,116,31,6,5,1.255,145.59,26,0.483,PTFE,Foil+Braid,Lacing Cord,MIL-DTL-83723,115VAC 400Hz,TRUE,TRUE,TRUE,0.99,1.2,8.26,24.84,1122.18,0.455,1
P2924,Engine Nacelle,Normal,38,10,0,1,1.689,64.17,18,0.315,PTFE,Foil+Braid,Heat Shrink,MIL-DTL-38999,28VDC,TRUE,TRUE,FALSE,1.168,8,5.9,14.98,496.12,0.213,0
P1472,Cargo Bay,High Temp,35,4,1,2,0.931,32.59,22,0.471,PTFE,Braid,Lacing Cord,MIL-DTL-83723,28VDC,TRUE,TRUE,FALSE,0.374,2.55,5.88,13.85,183.96,0.239,0
P9407,Avionics Bay,Normal,59,19,2,3,1.37,80.81,18,0.57,Polyimide,None,Braided Sleeving,D-Sub,28VDC,TRUE,TRUE,FALSE,1.475,8,5.91,13.87,301.78,0.234,1
P8660,Wing Root,Normal,63,19,1,0,1.637,103.15,20,0.735,XL-ETFE,Braid,Lacing Cord,MIL-DTL-38999,28VDC,TRUE,TRUE,FALSE,1.588,5,6.27,16.64,900.55,0.25,1
P5887,Cabin,Vibration-Prone,41,17,4,4,0.965,39.55,18,0.426,PTFE,Foil,Lacing Cord,Micro-D,28VDC,TRUE,TRUE,FALSE,0.737,8,6.81,19.66,498.57,0.399,1
P2403,Engine Nacelle,Moisture-Prone,21,5,3,0,1.471,30.89,18,0.824,XL-ETFE,None,Braided Sleeving,MIL-DTL-38999,115VAC 400Hz,TRUE,TRUE,TRUE,0.592,8,4.7,8.48,242.75,0.183,0
P7103,Engine Nacelle,High Temp,97,19,0,3,1.783,172.99,12,0.754,XL-ETFE,Foil+Braid,Lacing Cord,MIL-DTL-83723,115VAC 400Hz,TRUE,TRUE,TRUE,7.635,21.25,7.27,20.32,956.16,0.281,0
P3686,Cockpit,Moisture-Prone,85,19,1,4,1.547,131.46,20,0.1,PTFE,Foil,Lacing Cord,MIL-DTL-38999,28VDC,TRUE,FALSE,FALSE,1.778,5,6.86,19.11,891.32,0.268,1
P8968,Wing Root,Normal,77,15,4,0,1.977,152.22,22,0.617,XL-ETFE,Foil,Heat Shrink,MIL-DTL-38999,28VDC,TRUE,TRUE,FALSE,1.799,3,6.29,17.2,790.04,0.224,0
P1684,Cargo Bay,High Temp,117,32,4,7,1.4,163.76,18,0.415,PTFE,None,Lacing Cord,Micro-D,115VAC 400Hz,TRUE,TRUE,TRUE,2.898,6.8,7.05,23.95,1004.82,0.276,0
P3019,Engine Nacelle,Normal,94,17,2,5,1.092,102.65,24,0.839,XL-ETFE,None,Lacing Cord,MIL-DTL-38999,28VDC,TRUE,TRUE,FALSE,0.932,2,6,15.32,819.74,0.242,0
P5766,Cockpit,Normal,128,35,6,10,1.368,175.09,24,0.989,PTFE,Foil+Braid,Heat Shrink,MIL-DTL-38999,28VDC,TRUE,TRUE,FALSE,1.716,2,8.02,26.79,1669.38,0.276,0
P8914,Engine Nacelle,Normal,69,16,1,3,2.062,142.29,20,0.584,XL-ETFE,Foil+Braid,Heat Shrink,MIL-DTL-38999,270VDC,TRUE,TRUE,TRUE,2.127,5,6.72,19.31,821.23,0.236,1
P4963,Engine Nacelle,High Temp,84,18,0,6,1.628,136.79,24,0.429,PTFE,Braid,Lacing Cord,MIL-DTL-83723,28VDC,TRUE,TRUE,FALSE,1.204,1.7,7.07,20.58,710.88,0.275,0
P5554,Avionics Bay,Normal,93,19,3,7,1.716,159.57,14,0.863,XL-ETFE,None,Braided Sleeving,Micro-D,28VDC,TRUE,TRUE,FALSE,5.477,20,6.19,18.1,724.28,0.222,0
